observation_space,environment,architecture,checkpoint,task_id,step,loss,final_loss
cifar10,easy,mlp,step_0,0.0,0.0,0.49538570642471313,0.01512729562819004
cifar10,easy,mlp,step_0,0.0,50.0,0.44225746393203735,0.01512729562819004
cifar10,easy,mlp,step_0,0.0,100.0,0.3581264913082123,0.01512729562819004
cifar10,easy,mlp,step_0,0.0,150.0,0.2931370735168457,0.01512729562819004
cifar10,easy,mlp,step_0,0.0,200.0,0.24620890617370605,0.01512729562819004
cifar10,easy,mlp,step_0,0.0,250.0,0.20460930466651917,0.01512729562819004
cifar10,easy,mlp,step_0,0.0,300.0,0.1672350913286209,0.01512729562819004
cifar10,easy,mlp,step_0,0.0,350.0,0.14413198828697205,0.01512729562819004
cifar10,easy,mlp,step_0,0.0,400.0,0.12974070012569427,0.01512729562819004
cifar10,easy,mlp,step_0,0.0,450.0,0.12554214894771576,0.01512729562819004
cifar10,easy,mlp,step_0,0.0,500.0,0.09621943533420563,0.01512729562819004
cifar10,easy,mlp,step_0,0.0,550.0,0.12895572185516357,0.01512729562819004
cifar10,easy,mlp,step_0,0.0,600.0,0.076278455555439,0.01512729562819004
cifar10,easy,mlp,step_0,0.0,650.0,0.07656744867563248,0.01512729562819004
cifar10,easy,mlp,step_0,0.0,700.0,0.06344981491565704,0.01512729562819004
cifar10,easy,mlp,step_0,0.0,750.0,0.05728952959179878,0.01512729562819004
cifar10,easy,mlp,step_0,0.0,800.0,0.08604402095079422,0.01512729562819004
cifar10,easy,mlp,step_0,0.0,850.0,0.04636600241065025,0.01512729562819004
cifar10,easy,mlp,step_0,0.0,900.0,0.04640099033713341,0.01512729562819004
cifar10,easy,mlp,step_0,0.0,950.0,0.03654886782169342,0.01512729562819004
cifar10,easy,mlp,step_0,0.0,1000.0,0.05111143738031387,0.01512729562819004
cifar10,easy,mlp,step_0,0.0,1050.0,0.03723812848329544,0.01512729562819004
cifar10,easy,mlp,step_0,0.0,1100.0,0.03116360306739807,0.01512729562819004
cifar10,easy,mlp,step_0,0.0,1150.0,0.04251749441027641,0.01512729562819004
cifar10,easy,mlp,step_0,0.0,1200.0,0.0384821891784668,0.01512729562819004
cifar10,easy,mlp,step_0,0.0,1250.0,0.04445113241672516,0.01512729562819004
cifar10,easy,mlp,step_0,0.0,1300.0,0.02486925944685936,0.01512729562819004
cifar10,easy,mlp,step_0,0.0,1350.0,0.022841328755021095,0.01512729562819004
cifar10,easy,mlp,step_0,0.0,1400.0,0.018434304744005203,0.01512729562819004
cifar10,easy,mlp,step_0,0.0,1450.0,0.020019231364130974,0.01512729562819004
cifar10,easy,mlp,step_0,0.0,1500.0,0.025707675144076347,0.01512729562819004
cifar10,easy,mlp,step_0,0.0,1550.0,0.014963189139962196,0.01512729562819004
cifar10,easy,mlp,step_0,0.0,1600.0,0.014778288081288338,0.01512729562819004
cifar10,easy,mlp,step_0,0.0,1650.0,0.020330777391791344,0.01512729562819004
cifar10,easy,mlp,step_0,0.0,1700.0,0.04496457055211067,0.01512729562819004
cifar10,easy,mlp,step_0,0.0,1750.0,0.013278069905936718,0.01512729562819004
cifar10,easy,mlp,step_0,0.0,1800.0,0.01226383913308382,0.01512729562819004
cifar10,easy,mlp,step_0,0.0,1850.0,0.036334168165922165,0.01512729562819004
cifar10,easy,mlp,step_0,0.0,1900.0,0.03301656246185303,0.01512729562819004
cifar10,easy,mlp,step_0,0.0,1950.0,0.02348094992339611,0.01512729562819004
cifar10,easy,mlp,step_0,0.0,2000.0,0.01512729562819004,0.01512729562819004
cifar10,easy,mlp,step_0,1.0,0.0,0.5031346678733826,0.022685732692480087
cifar10,easy,mlp,step_0,1.0,50.0,0.4424358308315277,0.022685732692480087
cifar10,easy,mlp,step_0,1.0,100.0,0.3670116364955902,0.022685732692480087
cifar10,easy,mlp,step_0,1.0,150.0,0.3152267634868622,0.022685732692480087
cifar10,easy,mlp,step_0,1.0,200.0,0.25854524970054626,0.022685732692480087
cifar10,easy,mlp,step_0,1.0,250.0,0.2219623327255249,0.022685732692480087
cifar10,easy,mlp,step_0,1.0,300.0,0.19367347657680511,0.022685732692480087
cifar10,easy,mlp,step_0,1.0,350.0,0.17691366374492645,0.022685732692480087
cifar10,easy,mlp,step_0,1.0,400.0,0.1384590119123459,0.022685732692480087
cifar10,easy,mlp,step_0,1.0,450.0,0.12678685784339905,0.022685732692480087
cifar10,easy,mlp,step_0,1.0,500.0,0.12331632524728775,0.022685732692480087
cifar10,easy,mlp,step_0,1.0,550.0,0.09501859545707703,0.022685732692480087
cifar10,easy,mlp,step_0,1.0,600.0,0.08833926916122437,0.022685732692480087
cifar10,easy,mlp,step_0,1.0,650.0,0.092936672270298,0.022685732692480087
cifar10,easy,mlp,step_0,1.0,700.0,0.06772344559431076,0.022685732692480087
cifar10,easy,mlp,step_0,1.0,750.0,0.08577275276184082,0.022685732692480087
cifar10,easy,mlp,step_0,1.0,800.0,0.05502260848879814,0.022685732692480087
cifar10,easy,mlp,step_0,1.0,850.0,0.061163414269685745,0.022685732692480087
cifar10,easy,mlp,step_0,1.0,900.0,0.04903576523065567,0.022685732692480087
cifar10,easy,mlp,step_0,1.0,950.0,0.048241328448057175,0.022685732692480087
cifar10,easy,mlp,step_0,1.0,1000.0,0.045732613652944565,0.022685732692480087
cifar10,easy,mlp,step_0,1.0,1050.0,0.035742200911045074,0.022685732692480087
cifar10,easy,mlp,step_0,1.0,1100.0,0.03293856605887413,0.022685732692480087
cifar10,easy,mlp,step_0,1.0,1150.0,0.030979592353105545,0.022685732692480087
cifar10,easy,mlp,step_0,1.0,1200.0,0.05135801061987877,0.022685732692480087
cifar10,easy,mlp,step_0,1.0,1250.0,0.029780909419059753,0.022685732692480087
cifar10,easy,mlp,step_0,1.0,1300.0,0.02189001441001892,0.022685732692480087
cifar10,easy,mlp,step_0,1.0,1350.0,0.0220451932400465,0.022685732692480087
cifar10,easy,mlp,step_0,1.0,1400.0,0.018274908885359764,0.022685732692480087
cifar10,easy,mlp,step_0,1.0,1450.0,0.04556915536522865,0.022685732692480087
cifar10,easy,mlp,step_0,1.0,1500.0,0.04841366782784462,0.022685732692480087
cifar10,easy,mlp,step_0,1.0,1550.0,0.02012861892580986,0.022685732692480087
cifar10,easy,mlp,step_0,1.0,1600.0,0.025225907564163208,0.022685732692480087
cifar10,easy,mlp,step_0,1.0,1650.0,0.02799530141055584,0.022685732692480087
cifar10,easy,mlp,step_0,1.0,1700.0,0.025280093774199486,0.022685732692480087
cifar10,easy,mlp,step_0,1.0,1750.0,0.022529885172843933,0.022685732692480087
cifar10,easy,mlp,step_0,1.0,1800.0,0.025953134521842003,0.022685732692480087
cifar10,easy,mlp,step_0,1.0,1850.0,0.011520870961248875,0.022685732692480087
cifar10,easy,mlp,step_0,1.0,1900.0,0.019223790615797043,0.022685732692480087
cifar10,easy,mlp,step_0,1.0,1950.0,0.014046691358089447,0.022685732692480087
cifar10,easy,mlp,step_0,1.0,2000.0,0.022685732692480087,0.022685732692480087
cifar10,easy,mlp,step_0,2.0,0.0,0.5005014538764954,0.01668477989733219
cifar10,easy,mlp,step_0,2.0,50.0,0.4258560240268707,0.01668477989733219
cifar10,easy,mlp,step_0,2.0,100.0,0.34804612398147583,0.01668477989733219
cifar10,easy,mlp,step_0,2.0,150.0,0.3137919306755066,0.01668477989733219
cifar10,easy,mlp,step_0,2.0,200.0,0.25543972849845886,0.01668477989733219
cifar10,easy,mlp,step_0,2.0,250.0,0.2099890261888504,0.01668477989733219
cifar10,easy,mlp,step_0,2.0,300.0,0.22351446747779846,0.01668477989733219
cifar10,easy,mlp,step_0,2.0,350.0,0.15882158279418945,0.01668477989733219
cifar10,easy,mlp,step_0,2.0,400.0,0.13536666333675385,0.01668477989733219
cifar10,easy,mlp,step_0,2.0,450.0,0.12123256176710129,0.01668477989733219
cifar10,easy,mlp,step_0,2.0,500.0,0.11501570045948029,0.01668477989733219
cifar10,easy,mlp,step_0,2.0,550.0,0.10382121056318283,0.01668477989733219
cifar10,easy,mlp,step_0,2.0,600.0,0.08412931114435196,0.01668477989733219
cifar10,easy,mlp,step_0,2.0,650.0,0.07576598972082138,0.01668477989733219
cifar10,easy,mlp,step_0,2.0,700.0,0.0748971626162529,0.01668477989733219
cifar10,easy,mlp,step_0,2.0,750.0,0.05920610949397087,0.01668477989733219
cifar10,easy,mlp,step_0,2.0,800.0,0.056723058223724365,0.01668477989733219
cifar10,easy,mlp,step_0,2.0,850.0,0.07378800958395004,0.01668477989733219
cifar10,easy,mlp,step_0,2.0,900.0,0.06697837263345718,0.01668477989733219
cifar10,easy,mlp,step_0,2.0,950.0,0.04845187067985535,0.01668477989733219
cifar10,easy,mlp,step_0,2.0,1000.0,0.032100893557071686,0.01668477989733219
cifar10,easy,mlp,step_0,2.0,1050.0,0.030025824904441833,0.01668477989733219
cifar10,easy,mlp,step_0,2.0,1100.0,0.0304318368434906,0.01668477989733219
cifar10,easy,mlp,step_0,2.0,1150.0,0.03278268501162529,0.01668477989733219
cifar10,easy,mlp,step_0,2.0,1200.0,0.0417511872947216,0.01668477989733219
cifar10,easy,mlp,step_0,2.0,1250.0,0.02372080087661743,0.01668477989733219
cifar10,easy,mlp,step_0,2.0,1300.0,0.02451840601861477,0.01668477989733219
cifar10,easy,mlp,step_0,2.0,1350.0,0.02677079848945141,0.01668477989733219
cifar10,easy,mlp,step_0,2.0,1400.0,0.02381216548383236,0.01668477989733219
cifar10,easy,mlp,step_0,2.0,1450.0,0.04382786899805069,0.01668477989733219
cifar10,easy,mlp,step_0,2.0,1500.0,0.028928181156516075,0.01668477989733219
cifar10,easy,mlp,step_0,2.0,1550.0,0.012378883548080921,0.01668477989733219
cifar10,easy,mlp,step_0,2.0,1600.0,0.019187036901712418,0.01668477989733219
cifar10,easy,mlp,step_0,2.0,1650.0,0.01889057271182537,0.01668477989733219
cifar10,easy,mlp,step_0,2.0,1700.0,0.020034175366163254,0.01668477989733219
cifar10,easy,mlp,step_0,2.0,1750.0,0.011588302440941334,0.01668477989733219
cifar10,easy,mlp,step_0,2.0,1800.0,0.02341686561703682,0.01668477989733219
cifar10,easy,mlp,step_0,2.0,1850.0,0.019043201580643654,0.01668477989733219
cifar10,easy,mlp,step_0,2.0,1900.0,0.012793353758752346,0.01668477989733219
cifar10,easy,mlp,step_0,2.0,1950.0,0.025128120556473732,0.01668477989733219
cifar10,easy,mlp,step_0,2.0,2000.0,0.01668477989733219,0.01668477989733219
cifar10,easy,mlp,step_0,3.0,0.0,0.5054252743721008,0.01910047046840191
cifar10,easy,mlp,step_0,3.0,50.0,0.4647292196750641,0.01910047046840191
cifar10,easy,mlp,step_0,3.0,100.0,0.39074334502220154,0.01910047046840191
cifar10,easy,mlp,step_0,3.0,150.0,0.33220258355140686,0.01910047046840191
cifar10,easy,mlp,step_0,3.0,200.0,0.28834637999534607,0.01910047046840191
cifar10,easy,mlp,step_0,3.0,250.0,0.25333330035209656,0.01910047046840191
cifar10,easy,mlp,step_0,3.0,300.0,0.21820548176765442,0.01910047046840191
cifar10,easy,mlp,step_0,3.0,350.0,0.19667978584766388,0.01910047046840191
cifar10,easy,mlp,step_0,3.0,400.0,0.1869320124387741,0.01910047046840191
cifar10,easy,mlp,step_0,3.0,450.0,0.1467200368642807,0.01910047046840191
cifar10,easy,mlp,step_0,3.0,500.0,0.13121464848518372,0.01910047046840191
cifar10,easy,mlp,step_0,3.0,550.0,0.13020016252994537,0.01910047046840191
cifar10,easy,mlp,step_0,3.0,600.0,0.10793083906173706,0.01910047046840191
cifar10,easy,mlp,step_0,3.0,650.0,0.09838581830263138,0.01910047046840191
cifar10,easy,mlp,step_0,3.0,700.0,0.0938110277056694,0.01910047046840191
cifar10,easy,mlp,step_0,3.0,750.0,0.08741225302219391,0.01910047046840191
cifar10,easy,mlp,step_0,3.0,800.0,0.08810586482286453,0.01910047046840191
cifar10,easy,mlp,step_0,3.0,850.0,0.06337513774633408,0.01910047046840191
cifar10,easy,mlp,step_0,3.0,900.0,0.07981490343809128,0.01910047046840191
cifar10,easy,mlp,step_0,3.0,950.0,0.05948150157928467,0.01910047046840191
cifar10,easy,mlp,step_0,3.0,1000.0,0.05560686066746712,0.01910047046840191
cifar10,easy,mlp,step_0,3.0,1050.0,0.04795246198773384,0.01910047046840191
cifar10,easy,mlp,step_0,3.0,1100.0,0.04412702098488808,0.01910047046840191
cifar10,easy,mlp,step_0,3.0,1150.0,0.09448705613613129,0.01910047046840191
cifar10,easy,mlp,step_0,3.0,1200.0,0.0396021343767643,0.01910047046840191
cifar10,easy,mlp,step_0,3.0,1250.0,0.03888470679521561,0.01910047046840191
cifar10,easy,mlp,step_0,3.0,1300.0,0.033211804926395416,0.01910047046840191
cifar10,easy,mlp,step_0,3.0,1350.0,0.040263332426548004,0.01910047046840191
cifar10,easy,mlp,step_0,3.0,1400.0,0.029606038704514503,0.01910047046840191
cifar10,easy,mlp,step_0,3.0,1450.0,0.04709722101688385,0.01910047046840191
cifar10,easy,mlp,step_0,3.0,1500.0,0.04167376086115837,0.01910047046840191
cifar10,easy,mlp,step_0,3.0,1550.0,0.026270657777786255,0.01910047046840191
cifar10,easy,mlp,step_0,3.0,1600.0,0.04867471382021904,0.01910047046840191
cifar10,easy,mlp,step_0,3.0,1650.0,0.04538857936859131,0.01910047046840191
cifar10,easy,mlp,step_0,3.0,1700.0,0.031073078513145447,0.01910047046840191
cifar10,easy,mlp,step_0,3.0,1750.0,0.030154777690768242,0.01910047046840191
cifar10,easy,mlp,step_0,3.0,1800.0,0.026514381170272827,0.01910047046840191
cifar10,easy,mlp,step_0,3.0,1850.0,0.017819823697209358,0.01910047046840191
cifar10,easy,mlp,step_0,3.0,1900.0,0.017879698425531387,0.01910047046840191
cifar10,easy,mlp,step_0,3.0,1950.0,0.017410367727279663,0.01910047046840191
cifar10,easy,mlp,step_0,3.0,2000.0,0.01910047046840191,0.01910047046840191
cifar10,easy,mlp,step_0,4.0,0.0,0.4987872540950775,0.010684747248888016
cifar10,easy,mlp,step_0,4.0,50.0,0.4223026931285858,0.010684747248888016
cifar10,easy,mlp,step_0,4.0,100.0,0.3451627492904663,0.010684747248888016
cifar10,easy,mlp,step_0,4.0,150.0,0.2866097390651703,0.010684747248888016
cifar10,easy,mlp,step_0,4.0,200.0,0.2399020493030548,0.010684747248888016
cifar10,easy,mlp,step_0,4.0,250.0,0.22053225338459015,0.010684747248888016
cifar10,easy,mlp,step_0,4.0,300.0,0.17680704593658447,0.010684747248888016
cifar10,easy,mlp,step_0,4.0,350.0,0.1940496414899826,0.010684747248888016
cifar10,easy,mlp,step_0,4.0,400.0,0.1418333798646927,0.010684747248888016
cifar10,easy,mlp,step_0,4.0,450.0,0.1122596487402916,0.010684747248888016
cifar10,easy,mlp,step_0,4.0,500.0,0.11058056354522705,0.010684747248888016
cifar10,easy,mlp,step_0,4.0,550.0,0.10465937107801437,0.010684747248888016
cifar10,easy,mlp,step_0,4.0,600.0,0.08913107216358185,0.010684747248888016
cifar10,easy,mlp,step_0,4.0,650.0,0.08082880824804306,0.010684747248888016
cifar10,easy,mlp,step_0,4.0,700.0,0.08032561838626862,0.010684747248888016
cifar10,easy,mlp,step_0,4.0,750.0,0.05503901466727257,0.010684747248888016
cifar10,easy,mlp,step_0,4.0,800.0,0.06451413780450821,0.010684747248888016
cifar10,easy,mlp,step_0,4.0,850.0,0.05076058581471443,0.010684747248888016
cifar10,easy,mlp,step_0,4.0,900.0,0.051319073885679245,0.010684747248888016
cifar10,easy,mlp,step_0,4.0,950.0,0.03893197327852249,0.010684747248888016
cifar10,easy,mlp,step_0,4.0,1000.0,0.03676304966211319,0.010684747248888016
cifar10,easy,mlp,step_0,4.0,1050.0,0.047133129090070724,0.010684747248888016
cifar10,easy,mlp,step_0,4.0,1100.0,0.032621413469314575,0.010684747248888016
cifar10,easy,mlp,step_0,4.0,1150.0,0.0283541027456522,0.010684747248888016
cifar10,easy,mlp,step_0,4.0,1200.0,0.02916400134563446,0.010684747248888016
cifar10,easy,mlp,step_0,4.0,1250.0,0.02833116613328457,0.010684747248888016
cifar10,easy,mlp,step_0,4.0,1300.0,0.029593994840979576,0.010684747248888016
cifar10,easy,mlp,step_0,4.0,1350.0,0.03275821730494499,0.010684747248888016
cifar10,easy,mlp,step_0,4.0,1400.0,0.022063476964831352,0.010684747248888016
cifar10,easy,mlp,step_0,4.0,1450.0,0.026932163164019585,0.010684747248888016
cifar10,easy,mlp,step_0,4.0,1500.0,0.017229996621608734,0.010684747248888016
cifar10,easy,mlp,step_0,4.0,1550.0,0.020549451932311058,0.010684747248888016
cifar10,easy,mlp,step_0,4.0,1600.0,0.022960050031542778,0.010684747248888016
cifar10,easy,mlp,step_0,4.0,1650.0,0.016219327226281166,0.010684747248888016
cifar10,easy,mlp,step_0,4.0,1700.0,0.013615086674690247,0.010684747248888016
cifar10,easy,mlp,step_0,4.0,1750.0,0.014722895808517933,0.010684747248888016
cifar10,easy,mlp,step_0,4.0,1800.0,0.016478518024086952,0.010684747248888016
cifar10,easy,mlp,step_0,4.0,1850.0,0.011814849451184273,0.010684747248888016
cifar10,easy,mlp,step_0,4.0,1900.0,0.015687236562371254,0.010684747248888016
cifar10,easy,mlp,step_0,4.0,1950.0,0.015545325353741646,0.010684747248888016
cifar10,easy,mlp,step_0,4.0,2000.0,0.010684747248888016,0.010684747248888016
cifar10,easy,mlp,step_0,5.0,0.0,0.5020834803581238,0.009360013529658318
cifar10,easy,mlp,step_0,5.0,50.0,0.43646785616874695,0.009360013529658318
cifar10,easy,mlp,step_0,5.0,100.0,0.3662818372249603,0.009360013529658318
cifar10,easy,mlp,step_0,5.0,150.0,0.2933981418609619,0.009360013529658318
cifar10,easy,mlp,step_0,5.0,200.0,0.255875825881958,0.009360013529658318
cifar10,easy,mlp,step_0,5.0,250.0,0.2084958553314209,0.009360013529658318
cifar10,easy,mlp,step_0,5.0,300.0,0.19885502755641937,0.009360013529658318
cifar10,easy,mlp,step_0,5.0,350.0,0.15740980207920074,0.009360013529658318
cifar10,easy,mlp,step_0,5.0,400.0,0.1443852186203003,0.009360013529658318
cifar10,easy,mlp,step_0,5.0,450.0,0.12851853668689728,0.009360013529658318
cifar10,easy,mlp,step_0,5.0,500.0,0.12004297971725464,0.009360013529658318
cifar10,easy,mlp,step_0,5.0,550.0,0.10746496915817261,0.009360013529658318
cifar10,easy,mlp,step_0,5.0,600.0,0.0935339704155922,0.009360013529658318
cifar10,easy,mlp,step_0,5.0,650.0,0.08087160438299179,0.009360013529658318
cifar10,easy,mlp,step_0,5.0,700.0,0.07067173719406128,0.009360013529658318
cifar10,easy,mlp,step_0,5.0,750.0,0.07162676006555557,0.009360013529658318
cifar10,easy,mlp,step_0,5.0,800.0,0.06339304894208908,0.009360013529658318
cifar10,easy,mlp,step_0,5.0,850.0,0.04828384146094322,0.009360013529658318
cifar10,easy,mlp,step_0,5.0,900.0,0.04694234952330589,0.009360013529658318
cifar10,easy,mlp,step_0,5.0,950.0,0.042196180671453476,0.009360013529658318
cifar10,easy,mlp,step_0,5.0,1000.0,0.04592748358845711,0.009360013529658318
cifar10,easy,mlp,step_0,5.0,1050.0,0.04121757671236992,0.009360013529658318
cifar10,easy,mlp,step_0,5.0,1100.0,0.03284888342022896,0.009360013529658318
cifar10,easy,mlp,step_0,5.0,1150.0,0.03185609355568886,0.009360013529658318
cifar10,easy,mlp,step_0,5.0,1200.0,0.02610619179904461,0.009360013529658318
cifar10,easy,mlp,step_0,5.0,1250.0,0.04772523418068886,0.009360013529658318
cifar10,easy,mlp,step_0,5.0,1300.0,0.023526711389422417,0.009360013529658318
cifar10,easy,mlp,step_0,5.0,1350.0,0.027753302827477455,0.009360013529658318
cifar10,easy,mlp,step_0,5.0,1400.0,0.02635251358151436,0.009360013529658318
cifar10,easy,mlp,step_0,5.0,1450.0,0.021069630980491638,0.009360013529658318
cifar10,easy,mlp,step_0,5.0,1500.0,0.018807275220751762,0.009360013529658318
cifar10,easy,mlp,step_0,5.0,1550.0,0.029724229127168655,0.009360013529658318
cifar10,easy,mlp,step_0,5.0,1600.0,0.01901761069893837,0.009360013529658318
cifar10,easy,mlp,step_0,5.0,1650.0,0.015347895212471485,0.009360013529658318
cifar10,easy,mlp,step_0,5.0,1700.0,0.0222243033349514,0.009360013529658318
cifar10,easy,mlp,step_0,5.0,1750.0,0.052179910242557526,0.009360013529658318
cifar10,easy,mlp,step_0,5.0,1800.0,0.013587665744125843,0.009360013529658318
cifar10,easy,mlp,step_0,5.0,1850.0,0.014913278631865978,0.009360013529658318
cifar10,easy,mlp,step_0,5.0,1900.0,0.021175557747483253,0.009360013529658318
cifar10,easy,mlp,step_0,5.0,1950.0,0.011708568781614304,0.009360013529658318
cifar10,easy,mlp,step_0,5.0,2000.0,0.009360013529658318,0.009360013529658318
cifar10,easy,mlp,step_0,6.0,0.0,0.5037482976913452,0.014812055043876171
cifar10,easy,mlp,step_0,6.0,50.0,0.4438684582710266,0.014812055043876171
cifar10,easy,mlp,step_0,6.0,100.0,0.3677985370159149,0.014812055043876171
cifar10,easy,mlp,step_0,6.0,150.0,0.3290531635284424,0.014812055043876171
cifar10,easy,mlp,step_0,6.0,200.0,0.25229570269584656,0.014812055043876171
cifar10,easy,mlp,step_0,6.0,250.0,0.22343944013118744,0.014812055043876171
cifar10,easy,mlp,step_0,6.0,300.0,0.18279729783535004,0.014812055043876171
cifar10,easy,mlp,step_0,6.0,350.0,0.1627800315618515,0.014812055043876171
cifar10,easy,mlp,step_0,6.0,400.0,0.15366783738136292,0.014812055043876171
cifar10,easy,mlp,step_0,6.0,450.0,0.13248006999492645,0.014812055043876171
cifar10,easy,mlp,step_0,6.0,500.0,0.10536970943212509,0.014812055043876171
cifar10,easy,mlp,step_0,6.0,550.0,0.09677653759717941,0.014812055043876171
cifar10,easy,mlp,step_0,6.0,600.0,0.08437942713499069,0.014812055043876171
cifar10,easy,mlp,step_0,6.0,650.0,0.10682908445596695,0.014812055043876171
cifar10,easy,mlp,step_0,6.0,700.0,0.06548620760440826,0.014812055043876171
cifar10,easy,mlp,step_0,6.0,750.0,0.057837631553411484,0.014812055043876171
cifar10,easy,mlp,step_0,6.0,800.0,0.062308501452207565,0.014812055043876171
cifar10,easy,mlp,step_0,6.0,850.0,0.05340009927749634,0.014812055043876171
cifar10,easy,mlp,step_0,6.0,900.0,0.04585057124495506,0.014812055043876171
cifar10,easy,mlp,step_0,6.0,950.0,0.03308790549635887,0.014812055043876171
cifar10,easy,mlp,step_0,6.0,1000.0,0.028908852487802505,0.014812055043876171
cifar10,easy,mlp,step_0,6.0,1050.0,0.03544125705957413,0.014812055043876171
cifar10,easy,mlp,step_0,6.0,1100.0,0.03901359811425209,0.014812055043876171
cifar10,easy,mlp,step_0,6.0,1150.0,0.026080239564180374,0.014812055043876171
cifar10,easy,mlp,step_0,6.0,1200.0,0.03281000629067421,0.014812055043876171
cifar10,easy,mlp,step_0,6.0,1250.0,0.03066195361316204,0.014812055043876171
cifar10,easy,mlp,step_0,6.0,1300.0,0.023869283497333527,0.014812055043876171
cifar10,easy,mlp,step_0,6.0,1350.0,0.019290341064333916,0.014812055043876171
cifar10,easy,mlp,step_0,6.0,1400.0,0.024396458640694618,0.014812055043876171
cifar10,easy,mlp,step_0,6.0,1450.0,0.017127353698015213,0.014812055043876171
cifar10,easy,mlp,step_0,6.0,1500.0,0.017607325688004494,0.014812055043876171
cifar10,easy,mlp,step_0,6.0,1550.0,0.02402212657034397,0.014812055043876171
cifar10,easy,mlp,step_0,6.0,1600.0,0.02519380860030651,0.014812055043876171
cifar10,easy,mlp,step_0,6.0,1650.0,0.012602175585925579,0.014812055043876171
cifar10,easy,mlp,step_0,6.0,1700.0,0.032732293009757996,0.014812055043876171
cifar10,easy,mlp,step_0,6.0,1750.0,0.014116068370640278,0.014812055043876171
cifar10,easy,mlp,step_0,6.0,1800.0,0.02102411910891533,0.014812055043876171
cifar10,easy,mlp,step_0,6.0,1850.0,0.014169643633067608,0.014812055043876171
cifar10,easy,mlp,step_0,6.0,1900.0,0.014370659366250038,0.014812055043876171
cifar10,easy,mlp,step_0,6.0,1950.0,0.008548278361558914,0.014812055043876171
cifar10,easy,mlp,step_0,6.0,2000.0,0.014812055043876171,0.014812055043876171
cifar10,easy,mlp,step_0,7.0,0.0,0.49194249510765076,0.02795940637588501
cifar10,easy,mlp,step_0,7.0,50.0,0.4336998164653778,0.02795940637588501
cifar10,easy,mlp,step_0,7.0,100.0,0.3606102466583252,0.02795940637588501
cifar10,easy,mlp,step_0,7.0,150.0,0.28644463419914246,0.02795940637588501
cifar10,easy,mlp,step_0,7.0,200.0,0.2501412332057953,0.02795940637588501
cifar10,easy,mlp,step_0,7.0,250.0,0.2801640033721924,0.02795940637588501
cifar10,easy,mlp,step_0,7.0,300.0,0.1724613457918167,0.02795940637588501
cifar10,easy,mlp,step_0,7.0,350.0,0.15192224085330963,0.02795940637588501
cifar10,easy,mlp,step_0,7.0,400.0,0.11180713027715683,0.02795940637588501
cifar10,easy,mlp,step_0,7.0,450.0,0.11876759678125381,0.02795940637588501
cifar10,easy,mlp,step_0,7.0,500.0,0.09604696929454803,0.02795940637588501
cifar10,easy,mlp,step_0,7.0,550.0,0.08501861989498138,0.02795940637588501
cifar10,easy,mlp,step_0,7.0,600.0,0.0650959387421608,0.02795940637588501
cifar10,easy,mlp,step_0,7.0,650.0,0.059438180178403854,0.02795940637588501
cifar10,easy,mlp,step_0,7.0,700.0,0.05683494731783867,0.02795940637588501
cifar10,easy,mlp,step_0,7.0,750.0,0.05190664529800415,0.02795940637588501
cifar10,easy,mlp,step_0,7.0,800.0,0.04240245744585991,0.02795940637588501
cifar10,easy,mlp,step_0,7.0,850.0,0.054204311221838,0.02795940637588501
cifar10,easy,mlp,step_0,7.0,900.0,0.038786690682172775,0.02795940637588501
cifar10,easy,mlp,step_0,7.0,950.0,0.028492754325270653,0.02795940637588501
cifar10,easy,mlp,step_0,7.0,1000.0,0.03975965455174446,0.02795940637588501
cifar10,easy,mlp,step_0,7.0,1050.0,0.024095332249999046,0.02795940637588501
cifar10,easy,mlp,step_0,7.0,1100.0,0.04375971481204033,0.02795940637588501
cifar10,easy,mlp,step_0,7.0,1150.0,0.030075086280703545,0.02795940637588501
cifar10,easy,mlp,step_0,7.0,1200.0,0.020672926679253578,0.02795940637588501
cifar10,easy,mlp,step_0,7.0,1250.0,0.03152070567011833,0.02795940637588501
cifar10,easy,mlp,step_0,7.0,1300.0,0.02294365130364895,0.02795940637588501
cifar10,easy,mlp,step_0,7.0,1350.0,0.026764189824461937,0.02795940637588501
cifar10,easy,mlp,step_0,7.0,1400.0,0.017944851890206337,0.02795940637588501
cifar10,easy,mlp,step_0,7.0,1450.0,0.019294118508696556,0.02795940637588501
cifar10,easy,mlp,step_0,7.0,1500.0,0.01592729054391384,0.02795940637588501
cifar10,easy,mlp,step_0,7.0,1550.0,0.018302535638213158,0.02795940637588501
cifar10,easy,mlp,step_0,7.0,1600.0,0.01585937850177288,0.02795940637588501
cifar10,easy,mlp,step_0,7.0,1650.0,0.018193112686276436,0.02795940637588501
cifar10,easy,mlp,step_0,7.0,1700.0,0.013402028940618038,0.02795940637588501
cifar10,easy,mlp,step_0,7.0,1750.0,0.017191661521792412,0.02795940637588501
cifar10,easy,mlp,step_0,7.0,1800.0,0.020163265988230705,0.02795940637588501
cifar10,easy,mlp,step_0,7.0,1850.0,0.014055335894227028,0.02795940637588501
cifar10,easy,mlp,step_0,7.0,1900.0,0.011527487076818943,0.02795940637588501
cifar10,easy,mlp,step_0,7.0,1950.0,0.012850143015384674,0.02795940637588501
cifar10,easy,mlp,step_0,7.0,2000.0,0.02795940637588501,0.02795940637588501
cifar10,easy,mlp,step_0,8.0,0.0,0.5047046542167664,0.016416151076555252
cifar10,easy,mlp,step_0,8.0,50.0,0.440995454788208,0.016416151076555252
cifar10,easy,mlp,step_0,8.0,100.0,0.3621074855327606,0.016416151076555252
cifar10,easy,mlp,step_0,8.0,150.0,0.3037630617618561,0.016416151076555252
cifar10,easy,mlp,step_0,8.0,200.0,0.26870620250701904,0.016416151076555252
cifar10,easy,mlp,step_0,8.0,250.0,0.22608685493469238,0.016416151076555252
cifar10,easy,mlp,step_0,8.0,300.0,0.19758130609989166,0.016416151076555252
cifar10,easy,mlp,step_0,8.0,350.0,0.17344623804092407,0.016416151076555252
cifar10,easy,mlp,step_0,8.0,400.0,0.14925871789455414,0.016416151076555252
cifar10,easy,mlp,step_0,8.0,450.0,0.14436529576778412,0.016416151076555252
cifar10,easy,mlp,step_0,8.0,500.0,0.11597510427236557,0.016416151076555252
cifar10,easy,mlp,step_0,8.0,550.0,0.10897065699100494,0.016416151076555252
cifar10,easy,mlp,step_0,8.0,600.0,0.09807813167572021,0.016416151076555252
cifar10,easy,mlp,step_0,8.0,650.0,0.09606511890888214,0.016416151076555252
cifar10,easy,mlp,step_0,8.0,700.0,0.08064412325620651,0.016416151076555252
cifar10,easy,mlp,step_0,8.0,750.0,0.0723620057106018,0.016416151076555252
cifar10,easy,mlp,step_0,8.0,800.0,0.06886269897222519,0.016416151076555252
cifar10,easy,mlp,step_0,8.0,850.0,0.07586788386106491,0.016416151076555252
cifar10,easy,mlp,step_0,8.0,900.0,0.0625435933470726,0.016416151076555252
cifar10,easy,mlp,step_0,8.0,950.0,0.05463803932070732,0.016416151076555252
cifar10,easy,mlp,step_0,8.0,1000.0,0.05417933687567711,0.016416151076555252
cifar10,easy,mlp,step_0,8.0,1050.0,0.045121800154447556,0.016416151076555252
cifar10,easy,mlp,step_0,8.0,1100.0,0.06069105491042137,0.016416151076555252
cifar10,easy,mlp,step_0,8.0,1150.0,0.042683448642492294,0.016416151076555252
cifar10,easy,mlp,step_0,8.0,1200.0,0.03513706848025322,0.016416151076555252
cifar10,easy,mlp,step_0,8.0,1250.0,0.050835128873586655,0.016416151076555252
cifar10,easy,mlp,step_0,8.0,1300.0,0.03073146753013134,0.016416151076555252
cifar10,easy,mlp,step_0,8.0,1350.0,0.025546211749315262,0.016416151076555252
cifar10,easy,mlp,step_0,8.0,1400.0,0.03214337304234505,0.016416151076555252
cifar10,easy,mlp,step_0,8.0,1450.0,0.02640073373913765,0.016416151076555252
cifar10,easy,mlp,step_0,8.0,1500.0,0.03291262313723564,0.016416151076555252
cifar10,easy,mlp,step_0,8.0,1550.0,0.04760626703500748,0.016416151076555252
cifar10,easy,mlp,step_0,8.0,1600.0,0.021158037707209587,0.016416151076555252
cifar10,easy,mlp,step_0,8.0,1650.0,0.018930722028017044,0.016416151076555252
cifar10,easy,mlp,step_0,8.0,1700.0,0.021303793415427208,0.016416151076555252
cifar10,easy,mlp,step_0,8.0,1750.0,0.05121585354208946,0.016416151076555252
cifar10,easy,mlp,step_0,8.0,1800.0,0.022211192175745964,0.016416151076555252
cifar10,easy,mlp,step_0,8.0,1850.0,0.013017666526138783,0.016416151076555252
cifar10,easy,mlp,step_0,8.0,1900.0,0.03944569453597069,0.016416151076555252
cifar10,easy,mlp,step_0,8.0,1950.0,0.018436595797538757,0.016416151076555252
cifar10,easy,mlp,step_0,8.0,2000.0,0.016416151076555252,0.016416151076555252
cifar10,easy,mlp,step_0,9.0,0.0,0.49357014894485474,0.012291328981518745
cifar10,easy,mlp,step_0,9.0,50.0,0.42866793274879456,0.012291328981518745
cifar10,easy,mlp,step_0,9.0,100.0,0.3454497754573822,0.012291328981518745
cifar10,easy,mlp,step_0,9.0,150.0,0.29228025674819946,0.012291328981518745
cifar10,easy,mlp,step_0,9.0,200.0,0.25041088461875916,0.012291328981518745
cifar10,easy,mlp,step_0,9.0,250.0,0.20640520751476288,0.012291328981518745
cifar10,easy,mlp,step_0,9.0,300.0,0.20436516404151917,0.012291328981518745
cifar10,easy,mlp,step_0,9.0,350.0,0.15807168185710907,0.012291328981518745
cifar10,easy,mlp,step_0,9.0,400.0,0.1821572631597519,0.012291328981518745
cifar10,easy,mlp,step_0,9.0,450.0,0.12028292566537857,0.012291328981518745
cifar10,easy,mlp,step_0,9.0,500.0,0.1426057666540146,0.012291328981518745
cifar10,easy,mlp,step_0,9.0,550.0,0.18430744111537933,0.012291328981518745
cifar10,easy,mlp,step_0,9.0,600.0,0.08315848559141159,0.012291328981518745
cifar10,easy,mlp,step_0,9.0,650.0,0.090268574655056,0.012291328981518745
cifar10,easy,mlp,step_0,9.0,700.0,0.0680885836482048,0.012291328981518745
cifar10,easy,mlp,step_0,9.0,750.0,0.08382399380207062,0.012291328981518745
cifar10,easy,mlp,step_0,9.0,800.0,0.07491675764322281,0.012291328981518745
cifar10,easy,mlp,step_0,9.0,850.0,0.049071457237005234,0.012291328981518745
cifar10,easy,mlp,step_0,9.0,900.0,0.046919096261262894,0.012291328981518745
cifar10,easy,mlp,step_0,9.0,950.0,0.0372670479118824,0.012291328981518745
cifar10,easy,mlp,step_0,9.0,1000.0,0.04600917175412178,0.012291328981518745
cifar10,easy,mlp,step_0,9.0,1050.0,0.03282898664474487,0.012291328981518745
cifar10,easy,mlp,step_0,9.0,1100.0,0.029585707932710648,0.012291328981518745
cifar10,easy,mlp,step_0,9.0,1150.0,0.03413961082696915,0.012291328981518745
cifar10,easy,mlp,step_0,9.0,1200.0,0.024073950946331024,0.012291328981518745
cifar10,easy,mlp,step_0,9.0,1250.0,0.03356305509805679,0.012291328981518745
cifar10,easy,mlp,step_0,9.0,1300.0,0.028807563707232475,0.012291328981518745
cifar10,easy,mlp,step_0,9.0,1350.0,0.021866658702492714,0.012291328981518745
cifar10,easy,mlp,step_0,9.0,1400.0,0.02061469852924347,0.012291328981518745
cifar10,easy,mlp,step_0,9.0,1450.0,0.02030886523425579,0.012291328981518745
cifar10,easy,mlp,step_0,9.0,1500.0,0.021003667265176773,0.012291328981518745
cifar10,easy,mlp,step_0,9.0,1550.0,0.02422456443309784,0.012291328981518745
cifar10,easy,mlp,step_0,9.0,1600.0,0.0207196194678545,0.012291328981518745
cifar10,easy,mlp,step_0,9.0,1650.0,0.022150684148073196,0.012291328981518745
cifar10,easy,mlp,step_0,9.0,1700.0,0.01460568793118,0.012291328981518745
cifar10,easy,mlp,step_0,9.0,1750.0,0.03377397730946541,0.012291328981518745
cifar10,easy,mlp,step_0,9.0,1800.0,0.02299555204808712,0.012291328981518745
cifar10,easy,mlp,step_0,9.0,1850.0,0.026942212134599686,0.012291328981518745
cifar10,easy,mlp,step_0,9.0,1900.0,0.008887389674782753,0.012291328981518745
cifar10,easy,mlp,step_0,9.0,1950.0,0.010533167980611324,0.012291328981518745
cifar10,easy,mlp,step_0,9.0,2000.0,0.012291328981518745,0.012291328981518745
cifar10,easy,mlp,step_10000,0.0,0.0,0.6375494003295898,0.02913176454603672
cifar10,easy,mlp,step_10000,0.0,50.0,0.41179823875427246,0.02913176454603672
cifar10,easy,mlp,step_10000,0.0,100.0,0.3545224964618683,0.02913176454603672
cifar10,easy,mlp,step_10000,0.0,150.0,0.3085812032222748,0.02913176454603672
cifar10,easy,mlp,step_10000,0.0,200.0,0.27198687195777893,0.02913176454603672
cifar10,easy,mlp,step_10000,0.0,250.0,0.24060563743114471,0.02913176454603672
cifar10,easy,mlp,step_10000,0.0,300.0,0.21309085190296173,0.02913176454603672
cifar10,easy,mlp,step_10000,0.0,350.0,0.1928439438343048,0.02913176454603672
cifar10,easy,mlp,step_10000,0.0,400.0,0.1740737408399582,0.02913176454603672
cifar10,easy,mlp,step_10000,0.0,450.0,0.15527299046516418,0.02913176454603672
cifar10,easy,mlp,step_10000,0.0,500.0,0.14717452228069305,0.02913176454603672
cifar10,easy,mlp,step_10000,0.0,550.0,0.13024123013019562,0.02913176454603672
cifar10,easy,mlp,step_10000,0.0,600.0,0.1209537610411644,0.02913176454603672
cifar10,easy,mlp,step_10000,0.0,650.0,0.11004664748907089,0.02913176454603672
cifar10,easy,mlp,step_10000,0.0,700.0,0.10218054056167603,0.02913176454603672
cifar10,easy,mlp,step_10000,0.0,750.0,0.0951431542634964,0.02913176454603672
cifar10,easy,mlp,step_10000,0.0,800.0,0.08657181262969971,0.02913176454603672
cifar10,easy,mlp,step_10000,0.0,850.0,0.08145691454410553,0.02913176454603672
cifar10,easy,mlp,step_10000,0.0,900.0,0.07730024307966232,0.02913176454603672
cifar10,easy,mlp,step_10000,0.0,950.0,0.07366301119327545,0.02913176454603672
cifar10,easy,mlp,step_10000,0.0,1000.0,0.06847348064184189,0.02913176454603672
cifar10,easy,mlp,step_10000,0.0,1050.0,0.06597850471735,0.02913176454603672
cifar10,easy,mlp,step_10000,0.0,1100.0,0.06424876302480698,0.02913176454603672
cifar10,easy,mlp,step_10000,0.0,1150.0,0.060963161289691925,0.02913176454603672
cifar10,easy,mlp,step_10000,0.0,1200.0,0.055992137640714645,0.02913176454603672
cifar10,easy,mlp,step_10000,0.0,1250.0,0.05227941274642944,0.02913176454603672
cifar10,easy,mlp,step_10000,0.0,1300.0,0.05025170370936394,0.02913176454603672
cifar10,easy,mlp,step_10000,0.0,1350.0,0.04899224266409874,0.02913176454603672
cifar10,easy,mlp,step_10000,0.0,1400.0,0.04502194747328758,0.02913176454603672
cifar10,easy,mlp,step_10000,0.0,1450.0,0.044887688010931015,0.02913176454603672
cifar10,easy,mlp,step_10000,0.0,1500.0,0.04040263593196869,0.02913176454603672
cifar10,easy,mlp,step_10000,0.0,1550.0,0.04111940786242485,0.02913176454603672
cifar10,easy,mlp,step_10000,0.0,1600.0,0.04027535766363144,0.02913176454603672
cifar10,easy,mlp,step_10000,0.0,1650.0,0.037188537418842316,0.02913176454603672
cifar10,easy,mlp,step_10000,0.0,1700.0,0.03606494888663292,0.02913176454603672
cifar10,easy,mlp,step_10000,0.0,1750.0,0.035953596234321594,0.02913176454603672
cifar10,easy,mlp,step_10000,0.0,1800.0,0.03389985114336014,0.02913176454603672
cifar10,easy,mlp,step_10000,0.0,1850.0,0.034126169979572296,0.02913176454603672
cifar10,easy,mlp,step_10000,0.0,1900.0,0.030932722613215446,0.02913176454603672
cifar10,easy,mlp,step_10000,0.0,1950.0,0.032489847391843796,0.02913176454603672
cifar10,easy,mlp,step_10000,0.0,2000.0,0.02913176454603672,0.02913176454603672
cifar10,easy,mlp,step_10000,1.0,0.0,0.6222624182701111,0.026593951508402824
cifar10,easy,mlp,step_10000,1.0,50.0,0.4142247140407562,0.026593951508402824
cifar10,easy,mlp,step_10000,1.0,100.0,0.3495802581310272,0.026593951508402824
cifar10,easy,mlp,step_10000,1.0,150.0,0.3013565242290497,0.026593951508402824
cifar10,easy,mlp,step_10000,1.0,200.0,0.2620585560798645,0.026593951508402824
cifar10,easy,mlp,step_10000,1.0,250.0,0.22839151322841644,0.026593951508402824
cifar10,easy,mlp,step_10000,1.0,300.0,0.20218825340270996,0.026593951508402824
cifar10,easy,mlp,step_10000,1.0,350.0,0.17737646400928497,0.026593951508402824
cifar10,easy,mlp,step_10000,1.0,400.0,0.1626187413930893,0.026593951508402824
cifar10,easy,mlp,step_10000,1.0,450.0,0.1454925388097763,0.026593951508402824
cifar10,easy,mlp,step_10000,1.0,500.0,0.131462961435318,0.026593951508402824
cifar10,easy,mlp,step_10000,1.0,550.0,0.12081531435251236,0.026593951508402824
cifar10,easy,mlp,step_10000,1.0,600.0,0.1119992733001709,0.026593951508402824
cifar10,easy,mlp,step_10000,1.0,650.0,0.1023055911064148,0.026593951508402824
cifar10,easy,mlp,step_10000,1.0,700.0,0.0960111990571022,0.026593951508402824
cifar10,easy,mlp,step_10000,1.0,750.0,0.09711378067731857,0.026593951508402824
cifar10,easy,mlp,step_10000,1.0,800.0,0.08259885013103485,0.026593951508402824
cifar10,easy,mlp,step_10000,1.0,850.0,0.07951762527227402,0.026593951508402824
cifar10,easy,mlp,step_10000,1.0,900.0,0.0740366131067276,0.026593951508402824
cifar10,easy,mlp,step_10000,1.0,950.0,0.06737148016691208,0.026593951508402824
cifar10,easy,mlp,step_10000,1.0,1000.0,0.06271219253540039,0.026593951508402824
cifar10,easy,mlp,step_10000,1.0,1050.0,0.062130916863679886,0.026593951508402824
cifar10,easy,mlp,step_10000,1.0,1100.0,0.060060251504182816,0.026593951508402824
cifar10,easy,mlp,step_10000,1.0,1150.0,0.055123861879110336,0.026593951508402824
cifar10,easy,mlp,step_10000,1.0,1200.0,0.05071113258600235,0.026593951508402824
cifar10,easy,mlp,step_10000,1.0,1250.0,0.049207743257284164,0.026593951508402824
cifar10,easy,mlp,step_10000,1.0,1300.0,0.0456143394112587,0.026593951508402824
cifar10,easy,mlp,step_10000,1.0,1350.0,0.04583611339330673,0.026593951508402824
cifar10,easy,mlp,step_10000,1.0,1400.0,0.044447433203458786,0.026593951508402824
cifar10,easy,mlp,step_10000,1.0,1450.0,0.04366074129939079,0.026593951508402824
cifar10,easy,mlp,step_10000,1.0,1500.0,0.03921978175640106,0.026593951508402824
cifar10,easy,mlp,step_10000,1.0,1550.0,0.037998903542757034,0.026593951508402824
cifar10,easy,mlp,step_10000,1.0,1600.0,0.03654543682932854,0.026593951508402824
cifar10,easy,mlp,step_10000,1.0,1650.0,0.03567908704280853,0.026593951508402824
cifar10,easy,mlp,step_10000,1.0,1700.0,0.03451622650027275,0.026593951508402824
cifar10,easy,mlp,step_10000,1.0,1750.0,0.03497026115655899,0.026593951508402824
cifar10,easy,mlp,step_10000,1.0,1800.0,0.03179273009300232,0.026593951508402824
cifar10,easy,mlp,step_10000,1.0,1850.0,0.029284575954079628,0.026593951508402824
cifar10,easy,mlp,step_10000,1.0,1900.0,0.03216370567679405,0.026593951508402824
cifar10,easy,mlp,step_10000,1.0,1950.0,0.031207365915179253,0.026593951508402824
cifar10,easy,mlp,step_10000,1.0,2000.0,0.026593951508402824,0.026593951508402824
cifar10,easy,mlp,step_10000,2.0,0.0,0.6380317211151123,0.05419185385107994
cifar10,easy,mlp,step_10000,2.0,50.0,0.43768784403800964,0.05419185385107994
cifar10,easy,mlp,step_10000,2.0,100.0,0.38200199604034424,0.05419185385107994
cifar10,easy,mlp,step_10000,2.0,150.0,0.34041017293930054,0.05419185385107994
cifar10,easy,mlp,step_10000,2.0,200.0,0.3051983416080475,0.05419185385107994
cifar10,easy,mlp,step_10000,2.0,250.0,0.27494022250175476,0.05419185385107994
cifar10,easy,mlp,step_10000,2.0,300.0,0.249198779463768,0.05419185385107994
cifar10,easy,mlp,step_10000,2.0,350.0,0.2289905548095703,0.05419185385107994
cifar10,easy,mlp,step_10000,2.0,400.0,0.21173608303070068,0.05419185385107994
cifar10,easy,mlp,step_10000,2.0,450.0,0.19180798530578613,0.05419185385107994
cifar10,easy,mlp,step_10000,2.0,500.0,0.17925511300563812,0.05419185385107994
cifar10,easy,mlp,step_10000,2.0,550.0,0.1669768989086151,0.05419185385107994
cifar10,easy,mlp,step_10000,2.0,600.0,0.15463657677173615,0.05419185385107994
cifar10,easy,mlp,step_10000,2.0,650.0,0.14582650363445282,0.05419185385107994
cifar10,easy,mlp,step_10000,2.0,700.0,0.14176273345947266,0.05419185385107994
cifar10,easy,mlp,step_10000,2.0,750.0,0.13005512952804565,0.05419185385107994
cifar10,easy,mlp,step_10000,2.0,800.0,0.12276565283536911,0.05419185385107994
cifar10,easy,mlp,step_10000,2.0,850.0,0.11832337826490402,0.05419185385107994
cifar10,easy,mlp,step_10000,2.0,900.0,0.11420154571533203,0.05419185385107994
cifar10,easy,mlp,step_10000,2.0,950.0,0.10460944473743439,0.05419185385107994
cifar10,easy,mlp,step_10000,2.0,1000.0,0.09898519515991211,0.05419185385107994
cifar10,easy,mlp,step_10000,2.0,1050.0,0.09726905077695847,0.05419185385107994
cifar10,easy,mlp,step_10000,2.0,1100.0,0.09171253442764282,0.05419185385107994
cifar10,easy,mlp,step_10000,2.0,1150.0,0.090095654129982,0.05419185385107994
cifar10,easy,mlp,step_10000,2.0,1200.0,0.08834778517484665,0.05419185385107994
cifar10,easy,mlp,step_10000,2.0,1250.0,0.08331465721130371,0.05419185385107994
cifar10,easy,mlp,step_10000,2.0,1300.0,0.08390869945287704,0.05419185385107994
cifar10,easy,mlp,step_10000,2.0,1350.0,0.07597246021032333,0.05419185385107994
cifar10,easy,mlp,step_10000,2.0,1400.0,0.07421865314245224,0.05419185385107994
cifar10,easy,mlp,step_10000,2.0,1450.0,0.07432562112808228,0.05419185385107994
cifar10,easy,mlp,step_10000,2.0,1500.0,0.06839688867330551,0.05419185385107994
cifar10,easy,mlp,step_10000,2.0,1550.0,0.06694933027029037,0.05419185385107994
cifar10,easy,mlp,step_10000,2.0,1600.0,0.06563376635313034,0.05419185385107994
cifar10,easy,mlp,step_10000,2.0,1650.0,0.06495862454175949,0.05419185385107994
cifar10,easy,mlp,step_10000,2.0,1700.0,0.062074195593595505,0.05419185385107994
cifar10,easy,mlp,step_10000,2.0,1750.0,0.06417539715766907,0.05419185385107994
cifar10,easy,mlp,step_10000,2.0,1800.0,0.06238330155611038,0.05419185385107994
cifar10,easy,mlp,step_10000,2.0,1850.0,0.05950380489230156,0.05419185385107994
cifar10,easy,mlp,step_10000,2.0,1900.0,0.05565545707941055,0.05419185385107994
cifar10,easy,mlp,step_10000,2.0,1950.0,0.05277283862233162,0.05419185385107994
cifar10,easy,mlp,step_10000,2.0,2000.0,0.05419185385107994,0.05419185385107994
cifar10,easy,mlp,step_10000,3.0,0.0,0.6262175440788269,0.04910968616604805
cifar10,easy,mlp,step_10000,3.0,50.0,0.4199489653110504,0.04910968616604805
cifar10,easy,mlp,step_10000,3.0,100.0,0.36089932918548584,0.04910968616604805
cifar10,easy,mlp,step_10000,3.0,150.0,0.3215755522251129,0.04910968616604805
cifar10,easy,mlp,step_10000,3.0,200.0,0.2867453992366791,0.04910968616604805
cifar10,easy,mlp,step_10000,3.0,250.0,0.2560267448425293,0.04910968616604805
cifar10,easy,mlp,step_10000,3.0,300.0,0.23016290366649628,0.04910968616604805
cifar10,easy,mlp,step_10000,3.0,350.0,0.2104703187942505,0.04910968616604805
cifar10,easy,mlp,step_10000,3.0,400.0,0.19151566922664642,0.04910968616604805
cifar10,easy,mlp,step_10000,3.0,450.0,0.1806904524564743,0.04910968616604805
cifar10,easy,mlp,step_10000,3.0,500.0,0.16717968881130219,0.04910968616604805
cifar10,easy,mlp,step_10000,3.0,550.0,0.1560797244310379,0.04910968616604805
cifar10,easy,mlp,step_10000,3.0,600.0,0.1471462994813919,0.04910968616604805
cifar10,easy,mlp,step_10000,3.0,650.0,0.13431870937347412,0.04910968616604805
cifar10,easy,mlp,step_10000,3.0,700.0,0.12473471462726593,0.04910968616604805
cifar10,easy,mlp,step_10000,3.0,750.0,0.11817028373479843,0.04910968616604805
cifar10,easy,mlp,step_10000,3.0,800.0,0.11232975870370865,0.04910968616604805
cifar10,easy,mlp,step_10000,3.0,850.0,0.10897567123174667,0.04910968616604805
cifar10,easy,mlp,step_10000,3.0,900.0,0.09925370663404465,0.04910968616604805
cifar10,easy,mlp,step_10000,3.0,950.0,0.0940677598118782,0.04910968616604805
cifar10,easy,mlp,step_10000,3.0,1000.0,0.0909738540649414,0.04910968616604805
cifar10,easy,mlp,step_10000,3.0,1050.0,0.08539911359548569,0.04910968616604805
cifar10,easy,mlp,step_10000,3.0,1100.0,0.08217396587133408,0.04910968616604805
cifar10,easy,mlp,step_10000,3.0,1150.0,0.07703334093093872,0.04910968616604805
cifar10,easy,mlp,step_10000,3.0,1200.0,0.07724831253290176,0.04910968616604805
cifar10,easy,mlp,step_10000,3.0,1250.0,0.07279686629772186,0.04910968616604805
cifar10,easy,mlp,step_10000,3.0,1300.0,0.06936567276716232,0.04910968616604805
cifar10,easy,mlp,step_10000,3.0,1350.0,0.06755246967077255,0.04910968616604805
cifar10,easy,mlp,step_10000,3.0,1400.0,0.07086510956287384,0.04910968616604805
cifar10,easy,mlp,step_10000,3.0,1450.0,0.06178289279341698,0.04910968616604805
cifar10,easy,mlp,step_10000,3.0,1500.0,0.0589698925614357,0.04910968616604805
cifar10,easy,mlp,step_10000,3.0,1550.0,0.057657964527606964,0.04910968616604805
cifar10,easy,mlp,step_10000,3.0,1600.0,0.05930003523826599,0.04910968616604805
cifar10,easy,mlp,step_10000,3.0,1650.0,0.054890722036361694,0.04910968616604805
cifar10,easy,mlp,step_10000,3.0,1700.0,0.05379639193415642,0.04910968616604805
cifar10,easy,mlp,step_10000,3.0,1750.0,0.05890221521258354,0.04910968616604805
cifar10,easy,mlp,step_10000,3.0,1800.0,0.05446019396185875,0.04910968616604805
cifar10,easy,mlp,step_10000,3.0,1850.0,0.049155093729496,0.04910968616604805
cifar10,easy,mlp,step_10000,3.0,1900.0,0.0456232987344265,0.04910968616604805
cifar10,easy,mlp,step_10000,3.0,1950.0,0.05147876963019371,0.04910968616604805
cifar10,easy,mlp,step_10000,3.0,2000.0,0.04910968616604805,0.04910968616604805
cifar10,easy,mlp,step_10000,4.0,0.0,0.6267122030258179,0.029355039820075035
cifar10,easy,mlp,step_10000,4.0,50.0,0.4133662283420563,0.029355039820075035
cifar10,easy,mlp,step_10000,4.0,100.0,0.34683436155319214,0.029355039820075035
cifar10,easy,mlp,step_10000,4.0,150.0,0.3024104833602905,0.029355039820075035
cifar10,easy,mlp,step_10000,4.0,200.0,0.2686372697353363,0.029355039820075035
cifar10,easy,mlp,step_10000,4.0,250.0,0.23941317200660706,0.029355039820075035
cifar10,easy,mlp,step_10000,4.0,300.0,0.21648871898651123,0.029355039820075035
cifar10,easy,mlp,step_10000,4.0,350.0,0.19625551998615265,0.029355039820075035
cifar10,easy,mlp,step_10000,4.0,400.0,0.18176503479480743,0.029355039820075035
cifar10,easy,mlp,step_10000,4.0,450.0,0.16049756109714508,0.029355039820075035
cifar10,easy,mlp,step_10000,4.0,500.0,0.14714007079601288,0.029355039820075035
cifar10,easy,mlp,step_10000,4.0,550.0,0.1366060972213745,0.029355039820075035
cifar10,easy,mlp,step_10000,4.0,600.0,0.12567801773548126,0.029355039820075035
cifar10,easy,mlp,step_10000,4.0,650.0,0.11511023342609406,0.029355039820075035
cifar10,easy,mlp,step_10000,4.0,700.0,0.11037589609622955,0.029355039820075035
cifar10,easy,mlp,step_10000,4.0,750.0,0.1035795733332634,0.029355039820075035
cifar10,easy,mlp,step_10000,4.0,800.0,0.11319666355848312,0.029355039820075035
cifar10,easy,mlp,step_10000,4.0,850.0,0.08855036646127701,0.029355039820075035
cifar10,easy,mlp,step_10000,4.0,900.0,0.08434145897626877,0.029355039820075035
cifar10,easy,mlp,step_10000,4.0,950.0,0.08005741238594055,0.029355039820075035
cifar10,easy,mlp,step_10000,4.0,1000.0,0.07366351038217545,0.029355039820075035
cifar10,easy,mlp,step_10000,4.0,1050.0,0.0713476687669754,0.029355039820075035
cifar10,easy,mlp,step_10000,4.0,1100.0,0.06488513201475143,0.029355039820075035
cifar10,easy,mlp,step_10000,4.0,1150.0,0.061827387660741806,0.029355039820075035
cifar10,easy,mlp,step_10000,4.0,1200.0,0.061872512102127075,0.029355039820075035
cifar10,easy,mlp,step_10000,4.0,1250.0,0.05773646757006645,0.029355039820075035
cifar10,easy,mlp,step_10000,4.0,1300.0,0.05650592967867851,0.029355039820075035
cifar10,easy,mlp,step_10000,4.0,1350.0,0.05154682323336601,0.029355039820075035
cifar10,easy,mlp,step_10000,4.0,1400.0,0.050349242985248566,0.029355039820075035
cifar10,easy,mlp,step_10000,4.0,1450.0,0.04627479240298271,0.029355039820075035
cifar10,easy,mlp,step_10000,4.0,1500.0,0.04379373788833618,0.029355039820075035
cifar10,easy,mlp,step_10000,4.0,1550.0,0.04469820857048035,0.029355039820075035
cifar10,easy,mlp,step_10000,4.0,1600.0,0.0387001670897007,0.029355039820075035
cifar10,easy,mlp,step_10000,4.0,1650.0,0.03754458948969841,0.029355039820075035
cifar10,easy,mlp,step_10000,4.0,1700.0,0.03715750575065613,0.029355039820075035
cifar10,easy,mlp,step_10000,4.0,1750.0,0.03848143294453621,0.029355039820075035
cifar10,easy,mlp,step_10000,4.0,1800.0,0.039931852370500565,0.029355039820075035
cifar10,easy,mlp,step_10000,4.0,1850.0,0.0374312549829483,0.029355039820075035
cifar10,easy,mlp,step_10000,4.0,1900.0,0.03671348839998245,0.029355039820075035
cifar10,easy,mlp,step_10000,4.0,1950.0,0.03060942329466343,0.029355039820075035
cifar10,easy,mlp,step_10000,4.0,2000.0,0.029355039820075035,0.029355039820075035
cifar10,easy,mlp,step_10000,5.0,0.0,0.6358480453491211,0.03557970002293587
cifar10,easy,mlp,step_10000,5.0,50.0,0.41468748450279236,0.03557970002293587
cifar10,easy,mlp,step_10000,5.0,100.0,0.3491395115852356,0.03557970002293587
cifar10,easy,mlp,step_10000,5.0,150.0,0.3031427264213562,0.03557970002293587
cifar10,easy,mlp,step_10000,5.0,200.0,0.26679426431655884,0.03557970002293587
cifar10,easy,mlp,step_10000,5.0,250.0,0.23612146079540253,0.03557970002293587
cifar10,easy,mlp,step_10000,5.0,300.0,0.21245861053466797,0.03557970002293587
cifar10,easy,mlp,step_10000,5.0,350.0,0.18989251554012299,0.03557970002293587
cifar10,easy,mlp,step_10000,5.0,400.0,0.1721561998128891,0.03557970002293587
cifar10,easy,mlp,step_10000,5.0,450.0,0.15567053854465485,0.03557970002293587
cifar10,easy,mlp,step_10000,5.0,500.0,0.1422768086194992,0.03557970002293587
cifar10,easy,mlp,step_10000,5.0,550.0,0.13386212289333344,0.03557970002293587
cifar10,easy,mlp,step_10000,5.0,600.0,0.1216573715209961,0.03557970002293587
cifar10,easy,mlp,step_10000,5.0,650.0,0.11352377384901047,0.03557970002293587
cifar10,easy,mlp,step_10000,5.0,700.0,0.10312008112668991,0.03557970002293587
cifar10,easy,mlp,step_10000,5.0,750.0,0.09941299259662628,0.03557970002293587
cifar10,easy,mlp,step_10000,5.0,800.0,0.09190677851438522,0.03557970002293587
cifar10,easy,mlp,step_10000,5.0,850.0,0.08393741399049759,0.03557970002293587
cifar10,easy,mlp,step_10000,5.0,900.0,0.08268638700246811,0.03557970002293587
cifar10,easy,mlp,step_10000,5.0,950.0,0.07907657325267792,0.03557970002293587
cifar10,easy,mlp,step_10000,5.0,1000.0,0.07754578441381454,0.03557970002293587
cifar10,easy,mlp,step_10000,5.0,1050.0,0.06971778720617294,0.03557970002293587
cifar10,easy,mlp,step_10000,5.0,1100.0,0.06571078300476074,0.03557970002293587
cifar10,easy,mlp,step_10000,5.0,1150.0,0.06389725208282471,0.03557970002293587
cifar10,easy,mlp,step_10000,5.0,1200.0,0.06086127832531929,0.03557970002293587
cifar10,easy,mlp,step_10000,5.0,1250.0,0.05956118181347847,0.03557970002293587
cifar10,easy,mlp,step_10000,5.0,1300.0,0.05667295679450035,0.03557970002293587
cifar10,easy,mlp,step_10000,5.0,1350.0,0.053015418350696564,0.03557970002293587
cifar10,easy,mlp,step_10000,5.0,1400.0,0.05065816268324852,0.03557970002293587
cifar10,easy,mlp,step_10000,5.0,1450.0,0.04797914996743202,0.03557970002293587
cifar10,easy,mlp,step_10000,5.0,1500.0,0.0475921705365181,0.03557970002293587
cifar10,easy,mlp,step_10000,5.0,1550.0,0.0463043674826622,0.03557970002293587
cifar10,easy,mlp,step_10000,5.0,1600.0,0.044435251504182816,0.03557970002293587
cifar10,easy,mlp,step_10000,5.0,1650.0,0.042249035090208054,0.03557970002293587
cifar10,easy,mlp,step_10000,5.0,1700.0,0.03931742534041405,0.03557970002293587
cifar10,easy,mlp,step_10000,5.0,1750.0,0.03928471729159355,0.03557970002293587
cifar10,easy,mlp,step_10000,5.0,1800.0,0.03713149204850197,0.03557970002293587
cifar10,easy,mlp,step_10000,5.0,1850.0,0.03550846502184868,0.03557970002293587
cifar10,easy,mlp,step_10000,5.0,1900.0,0.035425443202257156,0.03557970002293587
cifar10,easy,mlp,step_10000,5.0,1950.0,0.036412887275218964,0.03557970002293587
cifar10,easy,mlp,step_10000,5.0,2000.0,0.03557970002293587,0.03557970002293587
cifar10,easy,mlp,step_10000,6.0,0.0,0.6420472860336304,0.06966456025838852
cifar10,easy,mlp,step_10000,6.0,50.0,0.4470229148864746,0.06966456025838852
cifar10,easy,mlp,step_10000,6.0,100.0,0.39062824845314026,0.06966456025838852
cifar10,easy,mlp,step_10000,6.0,150.0,0.34773895144462585,0.06966456025838852
cifar10,easy,mlp,step_10000,6.0,200.0,0.3109467029571533,0.06966456025838852
cifar10,easy,mlp,step_10000,6.0,250.0,0.2824678421020508,0.06966456025838852
cifar10,easy,mlp,step_10000,6.0,300.0,0.2606958746910095,0.06966456025838852
cifar10,easy,mlp,step_10000,6.0,350.0,0.2367330640554428,0.06966456025838852
cifar10,easy,mlp,step_10000,6.0,400.0,0.22106210887432098,0.06966456025838852
cifar10,easy,mlp,step_10000,6.0,450.0,0.20738239586353302,0.06966456025838852
cifar10,easy,mlp,step_10000,6.0,500.0,0.19327224791049957,0.06966456025838852
cifar10,easy,mlp,step_10000,6.0,550.0,0.18246403336524963,0.06966456025838852
cifar10,easy,mlp,step_10000,6.0,600.0,0.1721074879169464,0.06966456025838852
cifar10,easy,mlp,step_10000,6.0,650.0,0.1633114218711853,0.06966456025838852
cifar10,easy,mlp,step_10000,6.0,700.0,0.15658771991729736,0.06966456025838852
cifar10,easy,mlp,step_10000,6.0,750.0,0.14788256585597992,0.06966456025838852
cifar10,easy,mlp,step_10000,6.0,800.0,0.14175660908222198,0.06966456025838852
cifar10,easy,mlp,step_10000,6.0,850.0,0.1336735039949417,0.06966456025838852
cifar10,easy,mlp,step_10000,6.0,900.0,0.12724773585796356,0.06966456025838852
cifar10,easy,mlp,step_10000,6.0,950.0,0.1234772577881813,0.06966456025838852
cifar10,easy,mlp,step_10000,6.0,1000.0,0.1194407269358635,0.06966456025838852
cifar10,easy,mlp,step_10000,6.0,1050.0,0.11318422853946686,0.06966456025838852
cifar10,easy,mlp,step_10000,6.0,1100.0,0.11208667606115341,0.06966456025838852
cifar10,easy,mlp,step_10000,6.0,1150.0,0.10944824665784836,0.06966456025838852
cifar10,easy,mlp,step_10000,6.0,1200.0,0.1013924703001976,0.06966456025838852
cifar10,easy,mlp,step_10000,6.0,1250.0,0.10011427849531174,0.06966456025838852
cifar10,easy,mlp,step_10000,6.0,1300.0,0.09516377747058868,0.06966456025838852
cifar10,easy,mlp,step_10000,6.0,1350.0,0.09651928395032883,0.06966456025838852
cifar10,easy,mlp,step_10000,6.0,1400.0,0.08855520933866501,0.06966456025838852
cifar10,easy,mlp,step_10000,6.0,1450.0,0.08666592091321945,0.06966456025838852
cifar10,easy,mlp,step_10000,6.0,1500.0,0.08737596869468689,0.06966456025838852
cifar10,easy,mlp,step_10000,6.0,1550.0,0.08326032012701035,0.06966456025838852
cifar10,easy,mlp,step_10000,6.0,1600.0,0.08142866939306259,0.06966456025838852
cifar10,easy,mlp,step_10000,6.0,1650.0,0.08082794398069382,0.06966456025838852
cifar10,easy,mlp,step_10000,6.0,1700.0,0.07765678316354752,0.06966456025838852
cifar10,easy,mlp,step_10000,6.0,1750.0,0.07780946791172028,0.06966456025838852
cifar10,easy,mlp,step_10000,6.0,1800.0,0.07254967838525772,0.06966456025838852
cifar10,easy,mlp,step_10000,6.0,1850.0,0.0724836140871048,0.06966456025838852
cifar10,easy,mlp,step_10000,6.0,1900.0,0.07121057063341141,0.06966456025838852
cifar10,easy,mlp,step_10000,6.0,1950.0,0.06979221105575562,0.06966456025838852
cifar10,easy,mlp,step_10000,6.0,2000.0,0.06966456025838852,0.06966456025838852
cifar10,easy,mlp,step_10000,7.0,0.0,0.6441054344177246,0.06714389473199844
cifar10,easy,mlp,step_10000,7.0,50.0,0.4293363690376282,0.06714389473199844
cifar10,easy,mlp,step_10000,7.0,100.0,0.37470051646232605,0.06714389473199844
cifar10,easy,mlp,step_10000,7.0,150.0,0.3362795114517212,0.06714389473199844
cifar10,easy,mlp,step_10000,7.0,200.0,0.30426040291786194,0.06714389473199844
cifar10,easy,mlp,step_10000,7.0,250.0,0.2770213782787323,0.06714389473199844
cifar10,easy,mlp,step_10000,7.0,300.0,0.25289878249168396,0.06714389473199844
cifar10,easy,mlp,step_10000,7.0,350.0,0.23037469387054443,0.06714389473199844
cifar10,easy,mlp,step_10000,7.0,400.0,0.21235156059265137,0.06714389473199844
cifar10,easy,mlp,step_10000,7.0,450.0,0.19958606362342834,0.06714389473199844
cifar10,easy,mlp,step_10000,7.0,500.0,0.18450520932674408,0.06714389473199844
cifar10,easy,mlp,step_10000,7.0,550.0,0.17248734831809998,0.06714389473199844
cifar10,easy,mlp,step_10000,7.0,600.0,0.16358309984207153,0.06714389473199844
cifar10,easy,mlp,step_10000,7.0,650.0,0.15288932621479034,0.06714389473199844
cifar10,easy,mlp,step_10000,7.0,700.0,0.14341700077056885,0.06714389473199844
cifar10,easy,mlp,step_10000,7.0,750.0,0.1365828961133957,0.06714389473199844
cifar10,easy,mlp,step_10000,7.0,800.0,0.12754704058170319,0.06714389473199844
cifar10,easy,mlp,step_10000,7.0,850.0,0.12198330461978912,0.06714389473199844
cifar10,easy,mlp,step_10000,7.0,900.0,0.11634818464517593,0.06714389473199844
cifar10,easy,mlp,step_10000,7.0,950.0,0.11166131496429443,0.06714389473199844
cifar10,easy,mlp,step_10000,7.0,1000.0,0.1079476997256279,0.06714389473199844
cifar10,easy,mlp,step_10000,7.0,1050.0,0.10295341163873672,0.06714389473199844
cifar10,easy,mlp,step_10000,7.0,1100.0,0.09766509383916855,0.06714389473199844
cifar10,easy,mlp,step_10000,7.0,1150.0,0.09327613562345505,0.06714389473199844
cifar10,easy,mlp,step_10000,7.0,1200.0,0.0946522131562233,0.06714389473199844
cifar10,easy,mlp,step_10000,7.0,1250.0,0.08621998876333237,0.06714389473199844
cifar10,easy,mlp,step_10000,7.0,1300.0,0.08600232005119324,0.06714389473199844
cifar10,easy,mlp,step_10000,7.0,1350.0,0.08226128667593002,0.06714389473199844
cifar10,easy,mlp,step_10000,7.0,1400.0,0.09032458066940308,0.06714389473199844
cifar10,easy,mlp,step_10000,7.0,1450.0,0.08036236464977264,0.06714389473199844
cifar10,easy,mlp,step_10000,7.0,1500.0,0.07667908817529678,0.06714389473199844
cifar10,easy,mlp,step_10000,7.0,1550.0,0.07370569556951523,0.06714389473199844
cifar10,easy,mlp,step_10000,7.0,1600.0,0.07035287469625473,0.06714389473199844
cifar10,easy,mlp,step_10000,7.0,1650.0,0.06819086521863937,0.06714389473199844
cifar10,easy,mlp,step_10000,7.0,1700.0,0.06893686950206757,0.06714389473199844
cifar10,easy,mlp,step_10000,7.0,1750.0,0.0655902549624443,0.06714389473199844
cifar10,easy,mlp,step_10000,7.0,1800.0,0.07328774780035019,0.06714389473199844
cifar10,easy,mlp,step_10000,7.0,1850.0,0.0641782283782959,0.06714389473199844
cifar10,easy,mlp,step_10000,7.0,1900.0,0.06152825430035591,0.06714389473199844
cifar10,easy,mlp,step_10000,7.0,1950.0,0.06048634275794029,0.06714389473199844
cifar10,easy,mlp,step_10000,7.0,2000.0,0.06714389473199844,0.06714389473199844
cifar10,easy,mlp,step_10000,8.0,0.0,0.632671058177948,0.035773735493421555
cifar10,easy,mlp,step_10000,8.0,50.0,0.416107177734375,0.035773735493421555
cifar10,easy,mlp,step_10000,8.0,100.0,0.35092803835868835,0.035773735493421555
cifar10,easy,mlp,step_10000,8.0,150.0,0.3023352324962616,0.035773735493421555
cifar10,easy,mlp,step_10000,8.0,200.0,0.2647395730018616,0.035773735493421555
cifar10,easy,mlp,step_10000,8.0,250.0,0.23562856018543243,0.035773735493421555
cifar10,easy,mlp,step_10000,8.0,300.0,0.21095316112041473,0.035773735493421555
cifar10,easy,mlp,step_10000,8.0,350.0,0.1894075721502304,0.035773735493421555
cifar10,easy,mlp,step_10000,8.0,400.0,0.17061792314052582,0.035773735493421555
cifar10,easy,mlp,step_10000,8.0,450.0,0.15400375425815582,0.035773735493421555
cifar10,easy,mlp,step_10000,8.0,500.0,0.14261946082115173,0.035773735493421555
cifar10,easy,mlp,step_10000,8.0,550.0,0.13170075416564941,0.035773735493421555
cifar10,easy,mlp,step_10000,8.0,600.0,0.12147317081689835,0.035773735493421555
cifar10,easy,mlp,step_10000,8.0,650.0,0.11220177263021469,0.035773735493421555
cifar10,easy,mlp,step_10000,8.0,700.0,0.10772035270929337,0.035773735493421555
cifar10,easy,mlp,step_10000,8.0,750.0,0.09610362350940704,0.035773735493421555
cifar10,easy,mlp,step_10000,8.0,800.0,0.09129651635885239,0.035773735493421555
cifar10,easy,mlp,step_10000,8.0,850.0,0.08614548295736313,0.035773735493421555
cifar10,easy,mlp,step_10000,8.0,900.0,0.08164810389280319,0.035773735493421555
cifar10,easy,mlp,step_10000,8.0,950.0,0.07360158115625381,0.035773735493421555
cifar10,easy,mlp,step_10000,8.0,1000.0,0.07002365589141846,0.035773735493421555
cifar10,easy,mlp,step_10000,8.0,1050.0,0.0703655555844307,0.035773735493421555
cifar10,easy,mlp,step_10000,8.0,1100.0,0.06423294544219971,0.035773735493421555
cifar10,easy,mlp,step_10000,8.0,1150.0,0.06152168661355972,0.035773735493421555
cifar10,easy,mlp,step_10000,8.0,1200.0,0.059412576258182526,0.035773735493421555
cifar10,easy,mlp,step_10000,8.0,1250.0,0.059785544872283936,0.035773735493421555
cifar10,easy,mlp,step_10000,8.0,1300.0,0.0531468391418457,0.035773735493421555
cifar10,easy,mlp,step_10000,8.0,1350.0,0.05210927128791809,0.035773735493421555
cifar10,easy,mlp,step_10000,8.0,1400.0,0.05012763291597366,0.035773735493421555
cifar10,easy,mlp,step_10000,8.0,1450.0,0.048749346286058426,0.035773735493421555
cifar10,easy,mlp,step_10000,8.0,1500.0,0.047580912709236145,0.035773735493421555
cifar10,easy,mlp,step_10000,8.0,1550.0,0.04572524502873421,0.035773735493421555
cifar10,easy,mlp,step_10000,8.0,1600.0,0.04383020102977753,0.035773735493421555
cifar10,easy,mlp,step_10000,8.0,1650.0,0.04083549231290817,0.035773735493421555
cifar10,easy,mlp,step_10000,8.0,1700.0,0.0426187589764595,0.035773735493421555
cifar10,easy,mlp,step_10000,8.0,1750.0,0.039249565452337265,0.035773735493421555
cifar10,easy,mlp,step_10000,8.0,1800.0,0.03847688436508179,0.035773735493421555
cifar10,easy,mlp,step_10000,8.0,1850.0,0.03554414585232735,0.035773735493421555
cifar10,easy,mlp,step_10000,8.0,1900.0,0.03596699237823486,0.035773735493421555
cifar10,easy,mlp,step_10000,8.0,1950.0,0.033203382045030594,0.035773735493421555
cifar10,easy,mlp,step_10000,8.0,2000.0,0.035773735493421555,0.035773735493421555
cifar10,easy,mlp,step_10000,9.0,0.0,0.6266449093818665,0.02063235267996788
cifar10,easy,mlp,step_10000,9.0,50.0,0.4030793607234955,0.02063235267996788
cifar10,easy,mlp,step_10000,9.0,100.0,0.33219048380851746,0.02063235267996788
cifar10,easy,mlp,step_10000,9.0,150.0,0.2834269106388092,0.02063235267996788
cifar10,easy,mlp,step_10000,9.0,200.0,0.23985080420970917,0.02063235267996788
cifar10,easy,mlp,step_10000,9.0,250.0,0.20673365890979767,0.02063235267996788
cifar10,easy,mlp,step_10000,9.0,300.0,0.18195998668670654,0.02063235267996788
cifar10,easy,mlp,step_10000,9.0,350.0,0.16131576895713806,0.02063235267996788
cifar10,easy,mlp,step_10000,9.0,400.0,0.14171452820301056,0.02063235267996788
cifar10,easy,mlp,step_10000,9.0,450.0,0.12994162738323212,0.02063235267996788
cifar10,easy,mlp,step_10000,9.0,500.0,0.11488350480794907,0.02063235267996788
cifar10,easy,mlp,step_10000,9.0,550.0,0.10653519630432129,0.02063235267996788
cifar10,easy,mlp,step_10000,9.0,600.0,0.09456547349691391,0.02063235267996788
cifar10,easy,mlp,step_10000,9.0,650.0,0.08988334983587265,0.02063235267996788
cifar10,easy,mlp,step_10000,9.0,700.0,0.07822312414646149,0.02063235267996788
cifar10,easy,mlp,step_10000,9.0,750.0,0.07432685792446136,0.02063235267996788
cifar10,easy,mlp,step_10000,9.0,800.0,0.06699559837579727,0.02063235267996788
cifar10,easy,mlp,step_10000,9.0,850.0,0.06385554373264313,0.02063235267996788
cifar10,easy,mlp,step_10000,9.0,900.0,0.05855346471071243,0.02063235267996788
cifar10,easy,mlp,step_10000,9.0,950.0,0.058402568101882935,0.02063235267996788
cifar10,easy,mlp,step_10000,9.0,1000.0,0.05442330986261368,0.02063235267996788
cifar10,easy,mlp,step_10000,9.0,1050.0,0.04828906059265137,0.02063235267996788
cifar10,easy,mlp,step_10000,9.0,1100.0,0.05057064816355705,0.02063235267996788
cifar10,easy,mlp,step_10000,9.0,1150.0,0.042370814830064774,0.02063235267996788
cifar10,easy,mlp,step_10000,9.0,1200.0,0.042094189673662186,0.02063235267996788
cifar10,easy,mlp,step_10000,9.0,1250.0,0.037111908197402954,0.02063235267996788
cifar10,easy,mlp,step_10000,9.0,1300.0,0.03689384087920189,0.02063235267996788
cifar10,easy,mlp,step_10000,9.0,1350.0,0.03457621857523918,0.02063235267996788
cifar10,easy,mlp,step_10000,9.0,1400.0,0.03478853031992912,0.02063235267996788
cifar10,easy,mlp,step_10000,9.0,1450.0,0.031177302822470665,0.02063235267996788
cifar10,easy,mlp,step_10000,9.0,1500.0,0.03279271349310875,0.02063235267996788
cifar10,easy,mlp,step_10000,9.0,1550.0,0.033187415450811386,0.02063235267996788
cifar10,easy,mlp,step_10000,9.0,1600.0,0.031541552394628525,0.02063235267996788
cifar10,easy,mlp,step_10000,9.0,1650.0,0.02880212478339672,0.02063235267996788
cifar10,easy,mlp,step_10000,9.0,1700.0,0.025804553180933,0.02063235267996788
cifar10,easy,mlp,step_10000,9.0,1750.0,0.02263277769088745,0.02063235267996788
cifar10,easy,mlp,step_10000,9.0,1800.0,0.025439945980906487,0.02063235267996788
cifar10,easy,mlp,step_10000,9.0,1850.0,0.023521538823843002,0.02063235267996788
cifar10,easy,mlp,step_10000,9.0,1900.0,0.02284063957631588,0.02063235267996788
cifar10,easy,mlp,step_10000,9.0,1950.0,0.022035231813788414,0.02063235267996788
cifar10,easy,mlp,step_10000,9.0,2000.0,0.02063235267996788,0.02063235267996788
cifar10,easy,mlp,step_20000,0.0,0.0,0.5931901931762695,0.020339732989668846
cifar10,easy,mlp,step_20000,0.0,50.0,0.39607110619544983,0.020339732989668846
cifar10,easy,mlp,step_20000,0.0,100.0,0.3272719085216522,0.020339732989668846
cifar10,easy,mlp,step_20000,0.0,150.0,0.2755916118621826,0.020339732989668846
cifar10,easy,mlp,step_20000,0.0,200.0,0.23348069190979004,0.020339732989668846
cifar10,easy,mlp,step_20000,0.0,250.0,0.19977717101573944,0.020339732989668846
cifar10,easy,mlp,step_20000,0.0,300.0,0.17698179185390472,0.020339732989668846
cifar10,easy,mlp,step_20000,0.0,350.0,0.1555689573287964,0.020339732989668846
cifar10,easy,mlp,step_20000,0.0,400.0,0.1372961848974228,0.020339732989668846
cifar10,easy,mlp,step_20000,0.0,450.0,0.12300608307123184,0.020339732989668846
cifar10,easy,mlp,step_20000,0.0,500.0,0.11012283712625504,0.020339732989668846
cifar10,easy,mlp,step_20000,0.0,550.0,0.09947170317173004,0.020339732989668846
cifar10,easy,mlp,step_20000,0.0,600.0,0.09108464419841766,0.020339732989668846
cifar10,easy,mlp,step_20000,0.0,650.0,0.08261069655418396,0.020339732989668846
cifar10,easy,mlp,step_20000,0.0,700.0,0.07742810249328613,0.020339732989668846
cifar10,easy,mlp,step_20000,0.0,750.0,0.07303879410028458,0.020339732989668846
cifar10,easy,mlp,step_20000,0.0,800.0,0.06678443402051926,0.020339732989668846
cifar10,easy,mlp,step_20000,0.0,850.0,0.059692878276109695,0.020339732989668846
cifar10,easy,mlp,step_20000,0.0,900.0,0.056557800620794296,0.020339732989668846
cifar10,easy,mlp,step_20000,0.0,950.0,0.05277940258383751,0.020339732989668846
cifar10,easy,mlp,step_20000,0.0,1000.0,0.04932086542248726,0.020339732989668846
cifar10,easy,mlp,step_20000,0.0,1050.0,0.04644247889518738,0.020339732989668846
cifar10,easy,mlp,step_20000,0.0,1100.0,0.04443877190351486,0.020339732989668846
cifar10,easy,mlp,step_20000,0.0,1150.0,0.044103313237428665,0.020339732989668846
cifar10,easy,mlp,step_20000,0.0,1200.0,0.04259601980447769,0.020339732989668846
cifar10,easy,mlp,step_20000,0.0,1250.0,0.039288364350795746,0.020339732989668846
cifar10,easy,mlp,step_20000,0.0,1300.0,0.035463929176330566,0.020339732989668846
cifar10,easy,mlp,step_20000,0.0,1350.0,0.03415006026625633,0.020339732989668846
cifar10,easy,mlp,step_20000,0.0,1400.0,0.03452134132385254,0.020339732989668846
cifar10,easy,mlp,step_20000,0.0,1450.0,0.03051469288766384,0.020339732989668846
cifar10,easy,mlp,step_20000,0.0,1500.0,0.029174020513892174,0.020339732989668846
cifar10,easy,mlp,step_20000,0.0,1550.0,0.02731764316558838,0.020339732989668846
cifar10,easy,mlp,step_20000,0.0,1600.0,0.027976572513580322,0.020339732989668846
cifar10,easy,mlp,step_20000,0.0,1650.0,0.0256152655929327,0.020339732989668846
cifar10,easy,mlp,step_20000,0.0,1700.0,0.02489219233393669,0.020339732989668846
cifar10,easy,mlp,step_20000,0.0,1750.0,0.025575045496225357,0.020339732989668846
cifar10,easy,mlp,step_20000,0.0,1800.0,0.02219279110431671,0.020339732989668846
cifar10,easy,mlp,step_20000,0.0,1850.0,0.021635834127664566,0.020339732989668846
cifar10,easy,mlp,step_20000,0.0,1900.0,0.02144831418991089,0.020339732989668846
cifar10,easy,mlp,step_20000,0.0,1950.0,0.024407483637332916,0.020339732989668846
cifar10,easy,mlp,step_20000,0.0,2000.0,0.020339732989668846,0.020339732989668846
cifar10,easy,mlp,step_20000,1.0,0.0,0.5973718762397766,0.01577104441821575
cifar10,easy,mlp,step_20000,1.0,50.0,0.3914625644683838,0.01577104441821575
cifar10,easy,mlp,step_20000,1.0,100.0,0.31115493178367615,0.01577104441821575
cifar10,easy,mlp,step_20000,1.0,150.0,0.2593567371368408,0.01577104441821575
cifar10,easy,mlp,step_20000,1.0,200.0,0.2156282663345337,0.01577104441821575
cifar10,easy,mlp,step_20000,1.0,250.0,0.18457122147083282,0.01577104441821575
cifar10,easy,mlp,step_20000,1.0,300.0,0.1558559238910675,0.01577104441821575
cifar10,easy,mlp,step_20000,1.0,350.0,0.1359298676252365,0.01577104441821575
cifar10,easy,mlp,step_20000,1.0,400.0,0.11764238029718399,0.01577104441821575
cifar10,easy,mlp,step_20000,1.0,450.0,0.10388755053281784,0.01577104441821575
cifar10,easy,mlp,step_20000,1.0,500.0,0.0922541618347168,0.01577104441821575
cifar10,easy,mlp,step_20000,1.0,550.0,0.08313287794589996,0.01577104441821575
cifar10,easy,mlp,step_20000,1.0,600.0,0.07479875534772873,0.01577104441821575
cifar10,easy,mlp,step_20000,1.0,650.0,0.07212629169225693,0.01577104441821575
cifar10,easy,mlp,step_20000,1.0,700.0,0.06334883719682693,0.01577104441821575
cifar10,easy,mlp,step_20000,1.0,750.0,0.05673682689666748,0.01577104441821575
cifar10,easy,mlp,step_20000,1.0,800.0,0.05114779621362686,0.01577104441821575
cifar10,easy,mlp,step_20000,1.0,850.0,0.048795439302921295,0.01577104441821575
cifar10,easy,mlp,step_20000,1.0,900.0,0.04460128769278526,0.01577104441821575
cifar10,easy,mlp,step_20000,1.0,950.0,0.041617296636104584,0.01577104441821575
cifar10,easy,mlp,step_20000,1.0,1000.0,0.03782370314002037,0.01577104441821575
cifar10,easy,mlp,step_20000,1.0,1050.0,0.03576137498021126,0.01577104441821575
cifar10,easy,mlp,step_20000,1.0,1100.0,0.03416582569479942,0.01577104441821575
cifar10,easy,mlp,step_20000,1.0,1150.0,0.03009653650224209,0.01577104441821575
cifar10,easy,mlp,step_20000,1.0,1200.0,0.027688777074217796,0.01577104441821575
cifar10,easy,mlp,step_20000,1.0,1250.0,0.027104778215289116,0.01577104441821575
cifar10,easy,mlp,step_20000,1.0,1300.0,0.02506803534924984,0.01577104441821575
cifar10,easy,mlp,step_20000,1.0,1350.0,0.024903448298573494,0.01577104441821575
cifar10,easy,mlp,step_20000,1.0,1400.0,0.02539621666073799,0.01577104441821575
cifar10,easy,mlp,step_20000,1.0,1450.0,0.024409819394350052,0.01577104441821575
cifar10,easy,mlp,step_20000,1.0,1500.0,0.020094234496355057,0.01577104441821575
cifar10,easy,mlp,step_20000,1.0,1550.0,0.020658334717154503,0.01577104441821575
cifar10,easy,mlp,step_20000,1.0,1600.0,0.018716959282755852,0.01577104441821575
cifar10,easy,mlp,step_20000,1.0,1650.0,0.018890177831053734,0.01577104441821575
cifar10,easy,mlp,step_20000,1.0,1700.0,0.017220672219991684,0.01577104441821575
cifar10,easy,mlp,step_20000,1.0,1750.0,0.01874249055981636,0.01577104441821575
cifar10,easy,mlp,step_20000,1.0,1800.0,0.015871161594986916,0.01577104441821575
cifar10,easy,mlp,step_20000,1.0,1850.0,0.014509347267448902,0.01577104441821575
cifar10,easy,mlp,step_20000,1.0,1900.0,0.013254466466605663,0.01577104441821575
cifar10,easy,mlp,step_20000,1.0,1950.0,0.01543805655092001,0.01577104441821575
cifar10,easy,mlp,step_20000,1.0,2000.0,0.01577104441821575,0.01577104441821575
cifar10,easy,mlp,step_20000,2.0,0.0,0.5817999243736267,0.007971161976456642
cifar10,easy,mlp,step_20000,2.0,50.0,0.36361759901046753,0.007971161976456642
cifar10,easy,mlp,step_20000,2.0,100.0,0.2873062193393707,0.007971161976456642
cifar10,easy,mlp,step_20000,2.0,150.0,0.23154273629188538,0.007971161976456642
cifar10,easy,mlp,step_20000,2.0,200.0,0.19479189813137054,0.007971161976456642
cifar10,easy,mlp,step_20000,2.0,250.0,0.16456721723079681,0.007971161976456642
cifar10,easy,mlp,step_20000,2.0,300.0,0.13918881118297577,0.007971161976456642
cifar10,easy,mlp,step_20000,2.0,350.0,0.12195348739624023,0.007971161976456642
cifar10,easy,mlp,step_20000,2.0,400.0,0.10609030723571777,0.007971161976456642
cifar10,easy,mlp,step_20000,2.0,450.0,0.09122367203235626,0.007971161976456642
cifar10,easy,mlp,step_20000,2.0,500.0,0.07728133350610733,0.007971161976456642
cifar10,easy,mlp,step_20000,2.0,550.0,0.07029805332422256,0.007971161976456642
cifar10,easy,mlp,step_20000,2.0,600.0,0.05984434112906456,0.007971161976456642
cifar10,easy,mlp,step_20000,2.0,650.0,0.0555938296020031,0.007971161976456642
cifar10,easy,mlp,step_20000,2.0,700.0,0.04984792321920395,0.007971161976456642
cifar10,easy,mlp,step_20000,2.0,750.0,0.04483902454376221,0.007971161976456642
cifar10,easy,mlp,step_20000,2.0,800.0,0.04064219817519188,0.007971161976456642
cifar10,easy,mlp,step_20000,2.0,850.0,0.03882589936256409,0.007971161976456642
cifar10,easy,mlp,step_20000,2.0,900.0,0.033153142780065536,0.007971161976456642
cifar10,easy,mlp,step_20000,2.0,950.0,0.03368239849805832,0.007971161976456642
cifar10,easy,mlp,step_20000,2.0,1000.0,0.02819453552365303,0.007971161976456642
cifar10,easy,mlp,step_20000,2.0,1050.0,0.02764158882200718,0.007971161976456642
cifar10,easy,mlp,step_20000,2.0,1100.0,0.024321502074599266,0.007971161976456642
cifar10,easy,mlp,step_20000,2.0,1150.0,0.023503677919507027,0.007971161976456642
cifar10,easy,mlp,step_20000,2.0,1200.0,0.021080350503325462,0.007971161976456642
cifar10,easy,mlp,step_20000,2.0,1250.0,0.020322011783719063,0.007971161976456642
cifar10,easy,mlp,step_20000,2.0,1300.0,0.019874904304742813,0.007971161976456642
cifar10,easy,mlp,step_20000,2.0,1350.0,0.01790419965982437,0.007971161976456642
cifar10,easy,mlp,step_20000,2.0,1400.0,0.015122693963348866,0.007971161976456642
cifar10,easy,mlp,step_20000,2.0,1450.0,0.019818494096398354,0.007971161976456642
cifar10,easy,mlp,step_20000,2.0,1500.0,0.014083645306527615,0.007971161976456642
cifar10,easy,mlp,step_20000,2.0,1550.0,0.01325223594903946,0.007971161976456642
cifar10,easy,mlp,step_20000,2.0,1600.0,0.013612763956189156,0.007971161976456642
cifar10,easy,mlp,step_20000,2.0,1650.0,0.01243695616722107,0.007971161976456642
cifar10,easy,mlp,step_20000,2.0,1700.0,0.010598058812320232,0.007971161976456642
cifar10,easy,mlp,step_20000,2.0,1750.0,0.011155148036777973,0.007971161976456642
cifar10,easy,mlp,step_20000,2.0,1800.0,0.012173096649348736,0.007971161976456642
cifar10,easy,mlp,step_20000,2.0,1850.0,0.024089697748422623,0.007971161976456642
cifar10,easy,mlp,step_20000,2.0,1900.0,0.012937337160110474,0.007971161976456642
cifar10,easy,mlp,step_20000,2.0,1950.0,0.012633641250431538,0.007971161976456642
cifar10,easy,mlp,step_20000,2.0,2000.0,0.007971161976456642,0.007971161976456642
cifar10,easy,mlp,step_20000,3.0,0.0,0.5889023542404175,0.022742649540305138
cifar10,easy,mlp,step_20000,3.0,50.0,0.4071168899536133,0.022742649540305138
cifar10,easy,mlp,step_20000,3.0,100.0,0.3408810794353485,0.022742649540305138
cifar10,easy,mlp,step_20000,3.0,150.0,0.28988105058670044,0.022742649540305138
cifar10,easy,mlp,step_20000,3.0,200.0,0.25469598174095154,0.022742649540305138
cifar10,easy,mlp,step_20000,3.0,250.0,0.22015447914600372,0.022742649540305138
cifar10,easy,mlp,step_20000,3.0,300.0,0.19258905947208405,0.022742649540305138
cifar10,easy,mlp,step_20000,3.0,350.0,0.17331896722316742,0.022742649540305138
cifar10,easy,mlp,step_20000,3.0,400.0,0.1510903388261795,0.022742649540305138
cifar10,easy,mlp,step_20000,3.0,450.0,0.136060893535614,0.022742649540305138
cifar10,easy,mlp,step_20000,3.0,500.0,0.12467463314533234,0.022742649540305138
cifar10,easy,mlp,step_20000,3.0,550.0,0.11262524127960205,0.022742649540305138
cifar10,easy,mlp,step_20000,3.0,600.0,0.10197434574365616,0.022742649540305138
cifar10,easy,mlp,step_20000,3.0,650.0,0.09442474693059921,0.022742649540305138
cifar10,easy,mlp,step_20000,3.0,700.0,0.08590187132358551,0.022742649540305138
cifar10,easy,mlp,step_20000,3.0,750.0,0.07987676560878754,0.022742649540305138
cifar10,easy,mlp,step_20000,3.0,800.0,0.07283728569746017,0.022742649540305138
cifar10,easy,mlp,step_20000,3.0,850.0,0.06982117891311646,0.022742649540305138
cifar10,easy,mlp,step_20000,3.0,900.0,0.0655268207192421,0.022742649540305138
cifar10,easy,mlp,step_20000,3.0,950.0,0.06227914243936539,0.022742649540305138
cifar10,easy,mlp,step_20000,3.0,1000.0,0.05406396463513374,0.022742649540305138
cifar10,easy,mlp,step_20000,3.0,1050.0,0.0518885962665081,0.022742649540305138
cifar10,easy,mlp,step_20000,3.0,1100.0,0.050235480070114136,0.022742649540305138
cifar10,easy,mlp,step_20000,3.0,1150.0,0.0462404265999794,0.022742649540305138
cifar10,easy,mlp,step_20000,3.0,1200.0,0.045168887823820114,0.022742649540305138
cifar10,easy,mlp,step_20000,3.0,1250.0,0.04234366491436958,0.022742649540305138
cifar10,easy,mlp,step_20000,3.0,1300.0,0.039591964334249496,0.022742649540305138
cifar10,easy,mlp,step_20000,3.0,1350.0,0.03857991471886635,0.022742649540305138
cifar10,easy,mlp,step_20000,3.0,1400.0,0.03808801993727684,0.022742649540305138
cifar10,easy,mlp,step_20000,3.0,1450.0,0.033945705741643906,0.022742649540305138
cifar10,easy,mlp,step_20000,3.0,1500.0,0.03480139002203941,0.022742649540305138
cifar10,easy,mlp,step_20000,3.0,1550.0,0.03619086369872093,0.022742649540305138
cifar10,easy,mlp,step_20000,3.0,1600.0,0.03393956273794174,0.022742649540305138
cifar10,easy,mlp,step_20000,3.0,1650.0,0.02822071872651577,0.022742649540305138
cifar10,easy,mlp,step_20000,3.0,1700.0,0.032109372317790985,0.022742649540305138
cifar10,easy,mlp,step_20000,3.0,1750.0,0.029268993064761162,0.022742649540305138
cifar10,easy,mlp,step_20000,3.0,1800.0,0.02609451673924923,0.022742649540305138
cifar10,easy,mlp,step_20000,3.0,1850.0,0.0256256815046072,0.022742649540305138
cifar10,easy,mlp,step_20000,3.0,1900.0,0.026040678843855858,0.022742649540305138
cifar10,easy,mlp,step_20000,3.0,1950.0,0.024471431970596313,0.022742649540305138
cifar10,easy,mlp,step_20000,3.0,2000.0,0.022742649540305138,0.022742649540305138
cifar10,easy,mlp,step_20000,4.0,0.0,0.5872107744216919,0.020741334185004234
cifar10,easy,mlp,step_20000,4.0,50.0,0.3914433717727661,0.020741334185004234
cifar10,easy,mlp,step_20000,4.0,100.0,0.31488850712776184,0.020741334185004234
cifar10,easy,mlp,step_20000,4.0,150.0,0.26219531893730164,0.020741334185004234
cifar10,easy,mlp,step_20000,4.0,200.0,0.21927392482757568,0.020741334185004234
cifar10,easy,mlp,step_20000,4.0,250.0,0.1877283900976181,0.020741334185004234
cifar10,easy,mlp,step_20000,4.0,300.0,0.16216246783733368,0.020741334185004234
cifar10,easy,mlp,step_20000,4.0,350.0,0.14041681587696075,0.020741334185004234
cifar10,easy,mlp,step_20000,4.0,400.0,0.12243916094303131,0.020741334185004234
cifar10,easy,mlp,step_20000,4.0,450.0,0.11167605966329575,0.020741334185004234
cifar10,easy,mlp,step_20000,4.0,500.0,0.09933360666036606,0.020741334185004234
cifar10,easy,mlp,step_20000,4.0,550.0,0.09215306490659714,0.020741334185004234
cifar10,easy,mlp,step_20000,4.0,600.0,0.08485966175794601,0.020741334185004234
cifar10,easy,mlp,step_20000,4.0,650.0,0.0772842988371849,0.020741334185004234
cifar10,easy,mlp,step_20000,4.0,700.0,0.0722055733203888,0.020741334185004234
cifar10,easy,mlp,step_20000,4.0,750.0,0.06663324683904648,0.020741334185004234
cifar10,easy,mlp,step_20000,4.0,800.0,0.0598335824906826,0.020741334185004234
cifar10,easy,mlp,step_20000,4.0,850.0,0.05532781034708023,0.020741334185004234
cifar10,easy,mlp,step_20000,4.0,900.0,0.05149524286389351,0.020741334185004234
cifar10,easy,mlp,step_20000,4.0,950.0,0.05123870447278023,0.020741334185004234
cifar10,easy,mlp,step_20000,4.0,1000.0,0.045918650925159454,0.020741334185004234
cifar10,easy,mlp,step_20000,4.0,1050.0,0.04474793002009392,0.020741334185004234
cifar10,easy,mlp,step_20000,4.0,1100.0,0.042274799197912216,0.020741334185004234
cifar10,easy,mlp,step_20000,4.0,1150.0,0.04285885766148567,0.020741334185004234
cifar10,easy,mlp,step_20000,4.0,1200.0,0.03782406449317932,0.020741334185004234
cifar10,easy,mlp,step_20000,4.0,1250.0,0.03637474402785301,0.020741334185004234
cifar10,easy,mlp,step_20000,4.0,1300.0,0.0322871208190918,0.020741334185004234
cifar10,easy,mlp,step_20000,4.0,1350.0,0.03263531252741814,0.020741334185004234
cifar10,easy,mlp,step_20000,4.0,1400.0,0.027569307014346123,0.020741334185004234
cifar10,easy,mlp,step_20000,4.0,1450.0,0.028704999014735222,0.020741334185004234
cifar10,easy,mlp,step_20000,4.0,1500.0,0.02554595284163952,0.020741334185004234
cifar10,easy,mlp,step_20000,4.0,1550.0,0.02760409191250801,0.020741334185004234
cifar10,easy,mlp,step_20000,4.0,1600.0,0.03886253386735916,0.020741334185004234
cifar10,easy,mlp,step_20000,4.0,1650.0,0.02319961227476597,0.020741334185004234
cifar10,easy,mlp,step_20000,4.0,1700.0,0.024272263050079346,0.020741334185004234
cifar10,easy,mlp,step_20000,4.0,1750.0,0.024629542604088783,0.020741334185004234
cifar10,easy,mlp,step_20000,4.0,1800.0,0.019630132243037224,0.020741334185004234
cifar10,easy,mlp,step_20000,4.0,1850.0,0.018161291256546974,0.020741334185004234
cifar10,easy,mlp,step_20000,4.0,1900.0,0.024027137085795403,0.020741334185004234
cifar10,easy,mlp,step_20000,4.0,1950.0,0.01771247200667858,0.020741334185004234
cifar10,easy,mlp,step_20000,4.0,2000.0,0.020741334185004234,0.020741334185004234
cifar10,easy,mlp,step_20000,5.0,0.0,0.5964652895927429,0.012210468761622906
cifar10,easy,mlp,step_20000,5.0,50.0,0.38551199436187744,0.012210468761622906
cifar10,easy,mlp,step_20000,5.0,100.0,0.3079594671726227,0.012210468761622906
cifar10,easy,mlp,step_20000,5.0,150.0,0.2562243938446045,0.012210468761622906
cifar10,easy,mlp,step_20000,5.0,200.0,0.21300950646400452,0.012210468761622906
cifar10,easy,mlp,step_20000,5.0,250.0,0.18065260350704193,0.012210468761622906
cifar10,easy,mlp,step_20000,5.0,300.0,0.15642748773097992,0.012210468761622906
cifar10,easy,mlp,step_20000,5.0,350.0,0.13246484100818634,0.012210468761622906
cifar10,easy,mlp,step_20000,5.0,400.0,0.11716725677251816,0.012210468761622906
cifar10,easy,mlp,step_20000,5.0,450.0,0.10546036064624786,0.012210468761622906
cifar10,easy,mlp,step_20000,5.0,500.0,0.09270359575748444,0.012210468761622906
cifar10,easy,mlp,step_20000,5.0,550.0,0.08154568821191788,0.012210468761622906
cifar10,easy,mlp,step_20000,5.0,600.0,0.07386893033981323,0.012210468761622906
cifar10,easy,mlp,step_20000,5.0,650.0,0.06742185354232788,0.012210468761622906
cifar10,easy,mlp,step_20000,5.0,700.0,0.06003899127244949,0.012210468761622906
cifar10,easy,mlp,step_20000,5.0,750.0,0.05888494476675987,0.012210468761622906
cifar10,easy,mlp,step_20000,5.0,800.0,0.054538942873477936,0.012210468761622906
cifar10,easy,mlp,step_20000,5.0,850.0,0.0467294417321682,0.012210468761622906
cifar10,easy,mlp,step_20000,5.0,900.0,0.04302605986595154,0.012210468761622906
cifar10,easy,mlp,step_20000,5.0,950.0,0.04069232940673828,0.012210468761622906
cifar10,easy,mlp,step_20000,5.0,1000.0,0.03660199046134949,0.012210468761622906
cifar10,easy,mlp,step_20000,5.0,1050.0,0.03483407571911812,0.012210468761622906
cifar10,easy,mlp,step_20000,5.0,1100.0,0.03244183212518692,0.012210468761622906
cifar10,easy,mlp,step_20000,5.0,1150.0,0.030818594619631767,0.012210468761622906
cifar10,easy,mlp,step_20000,5.0,1200.0,0.0300747063010931,0.012210468761622906
cifar10,easy,mlp,step_20000,5.0,1250.0,0.028965337201952934,0.012210468761622906
cifar10,easy,mlp,step_20000,5.0,1300.0,0.02693682350218296,0.012210468761622906
cifar10,easy,mlp,step_20000,5.0,1350.0,0.026585040614008904,0.012210468761622906
cifar10,easy,mlp,step_20000,5.0,1400.0,0.021768808364868164,0.012210468761622906
cifar10,easy,mlp,step_20000,5.0,1450.0,0.0208264347165823,0.012210468761622906
cifar10,easy,mlp,step_20000,5.0,1500.0,0.02268781140446663,0.012210468761622906
cifar10,easy,mlp,step_20000,5.0,1550.0,0.02345556579530239,0.012210468761622906
cifar10,easy,mlp,step_20000,5.0,1600.0,0.020839503034949303,0.012210468761622906
cifar10,easy,mlp,step_20000,5.0,1650.0,0.019774828106164932,0.012210468761622906
cifar10,easy,mlp,step_20000,5.0,1700.0,0.021941445767879486,0.012210468761622906
cifar10,easy,mlp,step_20000,5.0,1750.0,0.018711844459176064,0.012210468761622906
cifar10,easy,mlp,step_20000,5.0,1800.0,0.01407588180154562,0.012210468761622906
cifar10,easy,mlp,step_20000,5.0,1850.0,0.01541468407958746,0.012210468761622906
cifar10,easy,mlp,step_20000,5.0,1900.0,0.014009428210556507,0.012210468761622906
cifar10,easy,mlp,step_20000,5.0,1950.0,0.01296399999409914,0.012210468761622906
cifar10,easy,mlp,step_20000,5.0,2000.0,0.012210468761622906,0.012210468761622906
cifar10,easy,mlp,step_20000,6.0,0.0,0.5989064574241638,0.02700742892920971
cifar10,easy,mlp,step_20000,6.0,50.0,0.41886183619499207,0.02700742892920971
cifar10,easy,mlp,step_20000,6.0,100.0,0.3531809151172638,0.02700742892920971
cifar10,easy,mlp,step_20000,6.0,150.0,0.3056557774543762,0.02700742892920971
cifar10,easy,mlp,step_20000,6.0,200.0,0.26820099353790283,0.02700742892920971
cifar10,easy,mlp,step_20000,6.0,250.0,0.23594136536121368,0.02700742892920971
cifar10,easy,mlp,step_20000,6.0,300.0,0.2103990763425827,0.02700742892920971
cifar10,easy,mlp,step_20000,6.0,350.0,0.18338565528392792,0.02700742892920971
cifar10,easy,mlp,step_20000,6.0,400.0,0.16587065160274506,0.02700742892920971
cifar10,easy,mlp,step_20000,6.0,450.0,0.15028122067451477,0.02700742892920971
cifar10,easy,mlp,step_20000,6.0,500.0,0.1382235437631607,0.02700742892920971
cifar10,easy,mlp,step_20000,6.0,550.0,0.12348105758428574,0.02700742892920971
cifar10,easy,mlp,step_20000,6.0,600.0,0.11598896235227585,0.02700742892920971
cifar10,easy,mlp,step_20000,6.0,650.0,0.10711207240819931,0.02700742892920971
cifar10,easy,mlp,step_20000,6.0,700.0,0.10086839646100998,0.02700742892920971
cifar10,easy,mlp,step_20000,6.0,750.0,0.0899653211236,0.02700742892920971
cifar10,easy,mlp,step_20000,6.0,800.0,0.08360131084918976,0.02700742892920971
cifar10,easy,mlp,step_20000,6.0,850.0,0.07769330590963364,0.02700742892920971
cifar10,easy,mlp,step_20000,6.0,900.0,0.07329872995615005,0.02700742892920971
cifar10,easy,mlp,step_20000,6.0,950.0,0.06950990110635757,0.02700742892920971
cifar10,easy,mlp,step_20000,6.0,1000.0,0.06544697284698486,0.02700742892920971
cifar10,easy,mlp,step_20000,6.0,1050.0,0.05982080101966858,0.02700742892920971
cifar10,easy,mlp,step_20000,6.0,1100.0,0.05783234164118767,0.02700742892920971
cifar10,easy,mlp,step_20000,6.0,1150.0,0.05323159694671631,0.02700742892920971
cifar10,easy,mlp,step_20000,6.0,1200.0,0.051880329847335815,0.02700742892920971
cifar10,easy,mlp,step_20000,6.0,1250.0,0.048734020441770554,0.02700742892920971
cifar10,easy,mlp,step_20000,6.0,1300.0,0.04812302440404892,0.02700742892920971
cifar10,easy,mlp,step_20000,6.0,1350.0,0.04449934884905815,0.02700742892920971
cifar10,easy,mlp,step_20000,6.0,1400.0,0.044116001576185226,0.02700742892920971
cifar10,easy,mlp,step_20000,6.0,1450.0,0.0428977906703949,0.02700742892920971
cifar10,easy,mlp,step_20000,6.0,1500.0,0.03937594220042229,0.02700742892920971
cifar10,easy,mlp,step_20000,6.0,1550.0,0.03784560039639473,0.02700742892920971
cifar10,easy,mlp,step_20000,6.0,1600.0,0.03459889814257622,0.02700742892920971
cifar10,easy,mlp,step_20000,6.0,1650.0,0.03608958423137665,0.02700742892920971
cifar10,easy,mlp,step_20000,6.0,1700.0,0.03320620208978653,0.02700742892920971
cifar10,easy,mlp,step_20000,6.0,1750.0,0.03045458160340786,0.02700742892920971
cifar10,easy,mlp,step_20000,6.0,1800.0,0.029711181297898293,0.02700742892920971
cifar10,easy,mlp,step_20000,6.0,1850.0,0.02972722426056862,0.02700742892920971
cifar10,easy,mlp,step_20000,6.0,1900.0,0.03158904239535332,0.02700742892920971
cifar10,easy,mlp,step_20000,6.0,1950.0,0.02786358632147312,0.02700742892920971
cifar10,easy,mlp,step_20000,6.0,2000.0,0.02700742892920971,0.02700742892920971
cifar10,easy,mlp,step_20000,7.0,0.0,0.6042720079421997,0.03603276237845421
cifar10,easy,mlp,step_20000,7.0,50.0,0.4166523516178131,0.03603276237845421
cifar10,easy,mlp,step_20000,7.0,100.0,0.3516242504119873,0.03603276237845421
cifar10,easy,mlp,step_20000,7.0,150.0,0.30499622225761414,0.03603276237845421
cifar10,easy,mlp,step_20000,7.0,200.0,0.2692336440086365,0.03603276237845421
cifar10,easy,mlp,step_20000,7.0,250.0,0.23929016292095184,0.03603276237845421
cifar10,easy,mlp,step_20000,7.0,300.0,0.21836288273334503,0.03603276237845421
cifar10,easy,mlp,step_20000,7.0,350.0,0.1948622465133667,0.03603276237845421
cifar10,easy,mlp,step_20000,7.0,400.0,0.17716388404369354,0.03603276237845421
cifar10,easy,mlp,step_20000,7.0,450.0,0.1600983738899231,0.03603276237845421
cifar10,easy,mlp,step_20000,7.0,500.0,0.1466175764799118,0.03603276237845421
cifar10,easy,mlp,step_20000,7.0,550.0,0.13421909511089325,0.03603276237845421
cifar10,easy,mlp,step_20000,7.0,600.0,0.12908875942230225,0.03603276237845421
cifar10,easy,mlp,step_20000,7.0,650.0,0.11567872017621994,0.03603276237845421
cifar10,easy,mlp,step_20000,7.0,700.0,0.1086505651473999,0.03603276237845421
cifar10,easy,mlp,step_20000,7.0,750.0,0.10043003410100937,0.03603276237845421
cifar10,easy,mlp,step_20000,7.0,800.0,0.09373798966407776,0.03603276237845421
cifar10,easy,mlp,step_20000,7.0,850.0,0.08867403119802475,0.03603276237845421
cifar10,easy,mlp,step_20000,7.0,900.0,0.08142457902431488,0.03603276237845421
cifar10,easy,mlp,step_20000,7.0,950.0,0.07799728959798813,0.03603276237845421
cifar10,easy,mlp,step_20000,7.0,1000.0,0.07669564336538315,0.03603276237845421
cifar10,easy,mlp,step_20000,7.0,1050.0,0.06996753066778183,0.03603276237845421
cifar10,easy,mlp,step_20000,7.0,1100.0,0.06502198427915573,0.03603276237845421
cifar10,easy,mlp,step_20000,7.0,1150.0,0.06808511167764664,0.03603276237845421
cifar10,easy,mlp,step_20000,7.0,1200.0,0.061146121472120285,0.03603276237845421
cifar10,easy,mlp,step_20000,7.0,1250.0,0.05918572098016739,0.03603276237845421
cifar10,easy,mlp,step_20000,7.0,1300.0,0.05373290926218033,0.03603276237845421
cifar10,easy,mlp,step_20000,7.0,1350.0,0.0528721921145916,0.03603276237845421
cifar10,easy,mlp,step_20000,7.0,1400.0,0.05353854224085808,0.03603276237845421
cifar10,easy,mlp,step_20000,7.0,1450.0,0.05001739412546158,0.03603276237845421
cifar10,easy,mlp,step_20000,7.0,1500.0,0.04837924242019653,0.03603276237845421
cifar10,easy,mlp,step_20000,7.0,1550.0,0.046196576207876205,0.03603276237845421
cifar10,easy,mlp,step_20000,7.0,1600.0,0.04691366106271744,0.03603276237845421
cifar10,easy,mlp,step_20000,7.0,1650.0,0.040128208696842194,0.03603276237845421
cifar10,easy,mlp,step_20000,7.0,1700.0,0.040792789310216904,0.03603276237845421
cifar10,easy,mlp,step_20000,7.0,1750.0,0.03761466220021248,0.03603276237845421
cifar10,easy,mlp,step_20000,7.0,1800.0,0.038242146372795105,0.03603276237845421
cifar10,easy,mlp,step_20000,7.0,1850.0,0.03837912902235985,0.03603276237845421
cifar10,easy,mlp,step_20000,7.0,1900.0,0.050942838191986084,0.03603276237845421
cifar10,easy,mlp,step_20000,7.0,1950.0,0.04125555604696274,0.03603276237845421
cifar10,easy,mlp,step_20000,7.0,2000.0,0.03603276237845421,0.03603276237845421
cifar10,easy,mlp,step_20000,8.0,0.0,0.6038290858268738,0.014087430201470852
cifar10,easy,mlp,step_20000,8.0,50.0,0.3949395418167114,0.014087430201470852
cifar10,easy,mlp,step_20000,8.0,100.0,0.3167586326599121,0.014087430201470852
cifar10,easy,mlp,step_20000,8.0,150.0,0.262669175863266,0.014087430201470852
cifar10,easy,mlp,step_20000,8.0,200.0,0.21961279213428497,0.014087430201470852
cifar10,easy,mlp,step_20000,8.0,250.0,0.18689380586147308,0.014087430201470852
cifar10,easy,mlp,step_20000,8.0,300.0,0.15844926238059998,0.014087430201470852
cifar10,easy,mlp,step_20000,8.0,350.0,0.13581719994544983,0.014087430201470852
cifar10,easy,mlp,step_20000,8.0,400.0,0.11863305419683456,0.014087430201470852
cifar10,easy,mlp,step_20000,8.0,450.0,0.10368809849023819,0.014087430201470852
cifar10,easy,mlp,step_20000,8.0,500.0,0.09319408982992172,0.014087430201470852
cifar10,easy,mlp,step_20000,8.0,550.0,0.08235343545675278,0.014087430201470852
cifar10,easy,mlp,step_20000,8.0,600.0,0.07473094016313553,0.014087430201470852
cifar10,easy,mlp,step_20000,8.0,650.0,0.06710123270750046,0.014087430201470852
cifar10,easy,mlp,step_20000,8.0,700.0,0.06055731698870659,0.014087430201470852
cifar10,easy,mlp,step_20000,8.0,750.0,0.05468294769525528,0.014087430201470852
cifar10,easy,mlp,step_20000,8.0,800.0,0.053626347333192825,0.014087430201470852
cifar10,easy,mlp,step_20000,8.0,850.0,0.04819720983505249,0.014087430201470852
cifar10,easy,mlp,step_20000,8.0,900.0,0.0436604879796505,0.014087430201470852
cifar10,easy,mlp,step_20000,8.0,950.0,0.04222091659903526,0.014087430201470852
cifar10,easy,mlp,step_20000,8.0,1000.0,0.0407850407063961,0.014087430201470852
cifar10,easy,mlp,step_20000,8.0,1050.0,0.03452249988913536,0.014087430201470852
cifar10,easy,mlp,step_20000,8.0,1100.0,0.032853979617357254,0.014087430201470852
cifar10,easy,mlp,step_20000,8.0,1150.0,0.0309471245855093,0.014087430201470852
cifar10,easy,mlp,step_20000,8.0,1200.0,0.028026390820741653,0.014087430201470852
cifar10,easy,mlp,step_20000,8.0,1250.0,0.028470231220126152,0.014087430201470852
cifar10,easy,mlp,step_20000,8.0,1300.0,0.026616228744387627,0.014087430201470852
cifar10,easy,mlp,step_20000,8.0,1350.0,0.02372235246002674,0.014087430201470852
cifar10,easy,mlp,step_20000,8.0,1400.0,0.02643912471830845,0.014087430201470852
cifar10,easy,mlp,step_20000,8.0,1450.0,0.022587625309824944,0.014087430201470852
cifar10,easy,mlp,step_20000,8.0,1500.0,0.020163124427199364,0.014087430201470852
cifar10,easy,mlp,step_20000,8.0,1550.0,0.01916925050318241,0.014087430201470852
cifar10,easy,mlp,step_20000,8.0,1600.0,0.01874672807753086,0.014087430201470852
cifar10,easy,mlp,step_20000,8.0,1650.0,0.019441625103354454,0.014087430201470852
cifar10,easy,mlp,step_20000,8.0,1700.0,0.024720555171370506,0.014087430201470852
cifar10,easy,mlp,step_20000,8.0,1750.0,0.018481023609638214,0.014087430201470852
cifar10,easy,mlp,step_20000,8.0,1800.0,0.01676483452320099,0.014087430201470852
cifar10,easy,mlp,step_20000,8.0,1850.0,0.014475682750344276,0.014087430201470852
cifar10,easy,mlp,step_20000,8.0,1900.0,0.01735960692167282,0.014087430201470852
cifar10,easy,mlp,step_20000,8.0,1950.0,0.01658804714679718,0.014087430201470852
cifar10,easy,mlp,step_20000,8.0,2000.0,0.014087430201470852,0.014087430201470852
cifar10,easy,mlp,step_20000,9.0,0.0,0.5881780982017517,0.02300274185836315
cifar10,easy,mlp,step_20000,9.0,50.0,0.39527973532676697,0.02300274185836315
cifar10,easy,mlp,step_20000,9.0,100.0,0.32415512204170227,0.02300274185836315
cifar10,easy,mlp,step_20000,9.0,150.0,0.27467042207717896,0.02300274185836315
cifar10,easy,mlp,step_20000,9.0,200.0,0.23912107944488525,0.02300274185836315
cifar10,easy,mlp,step_20000,9.0,250.0,0.2078956663608551,0.02300274185836315
cifar10,easy,mlp,step_20000,9.0,300.0,0.18432198464870453,0.02300274185836315
cifar10,easy,mlp,step_20000,9.0,350.0,0.16325417160987854,0.02300274185836315
cifar10,easy,mlp,step_20000,9.0,400.0,0.1453482210636139,0.02300274185836315
cifar10,easy,mlp,step_20000,9.0,450.0,0.12990662455558777,0.02300274185836315
cifar10,easy,mlp,step_20000,9.0,500.0,0.11628192663192749,0.02300274185836315
cifar10,easy,mlp,step_20000,9.0,550.0,0.10476788133382797,0.02300274185836315
cifar10,easy,mlp,step_20000,9.0,600.0,0.09704610705375671,0.02300274185836315
cifar10,easy,mlp,step_20000,9.0,650.0,0.09173126518726349,0.02300274185836315
cifar10,easy,mlp,step_20000,9.0,700.0,0.08557187765836716,0.02300274185836315
cifar10,easy,mlp,step_20000,9.0,750.0,0.07643439620733261,0.02300274185836315
cifar10,easy,mlp,step_20000,9.0,800.0,0.07276561111211777,0.02300274185836315
cifar10,easy,mlp,step_20000,9.0,850.0,0.06805717200040817,0.02300274185836315
cifar10,easy,mlp,step_20000,9.0,900.0,0.06142353639006615,0.02300274185836315
cifar10,easy,mlp,step_20000,9.0,950.0,0.05766225978732109,0.02300274185836315
cifar10,easy,mlp,step_20000,9.0,1000.0,0.05678129941225052,0.02300274185836315
cifar10,easy,mlp,step_20000,9.0,1050.0,0.051422059535980225,0.02300274185836315
cifar10,easy,mlp,step_20000,9.0,1100.0,0.05082901194691658,0.02300274185836315
cifar10,easy,mlp,step_20000,9.0,1150.0,0.04707491025328636,0.02300274185836315
cifar10,easy,mlp,step_20000,9.0,1200.0,0.04511365294456482,0.02300274185836315
cifar10,easy,mlp,step_20000,9.0,1250.0,0.040789660066366196,0.02300274185836315
cifar10,easy,mlp,step_20000,9.0,1300.0,0.04065048694610596,0.02300274185836315
cifar10,easy,mlp,step_20000,9.0,1350.0,0.038798216730356216,0.02300274185836315
cifar10,easy,mlp,step_20000,9.0,1400.0,0.041129160672426224,0.02300274185836315
cifar10,easy,mlp,step_20000,9.0,1450.0,0.035961832851171494,0.02300274185836315
cifar10,easy,mlp,step_20000,9.0,1500.0,0.03458864986896515,0.02300274185836315
cifar10,easy,mlp,step_20000,9.0,1550.0,0.03611311316490173,0.02300274185836315
cifar10,easy,mlp,step_20000,9.0,1600.0,0.033104632049798965,0.02300274185836315
cifar10,easy,mlp,step_20000,9.0,1650.0,0.030436230823397636,0.02300274185836315
cifar10,easy,mlp,step_20000,9.0,1700.0,0.030409669503569603,0.02300274185836315
cifar10,easy,mlp,step_20000,9.0,1750.0,0.0306241512298584,0.02300274185836315
cifar10,easy,mlp,step_20000,9.0,1800.0,0.029944593086838722,0.02300274185836315
cifar10,easy,mlp,step_20000,9.0,1850.0,0.0266902893781662,0.02300274185836315
cifar10,easy,mlp,step_20000,9.0,1900.0,0.02556275762617588,0.02300274185836315
cifar10,easy,mlp,step_20000,9.0,1950.0,0.024151457473635674,0.02300274185836315
cifar10,easy,mlp,step_20000,9.0,2000.0,0.02300274185836315,0.02300274185836315
cifar10,easy,mlp,step_50000,0.0,0.0,0.5713376402854919,0.01745474897325039
cifar10,easy,mlp,step_50000,0.0,50.0,0.4097045063972473,0.01745474897325039
cifar10,easy,mlp,step_50000,0.0,100.0,0.3374505043029785,0.01745474897325039
cifar10,easy,mlp,step_50000,0.0,150.0,0.2845834791660309,0.01745474897325039
cifar10,easy,mlp,step_50000,0.0,200.0,0.24109534919261932,0.01745474897325039
cifar10,easy,mlp,step_50000,0.0,250.0,0.20540474355220795,0.01745474897325039
cifar10,easy,mlp,step_50000,0.0,300.0,0.17579852044582367,0.01745474897325039
cifar10,easy,mlp,step_50000,0.0,350.0,0.15328824520111084,0.01745474897325039
cifar10,easy,mlp,step_50000,0.0,400.0,0.13279606401920319,0.01745474897325039
cifar10,easy,mlp,step_50000,0.0,450.0,0.11785874515771866,0.01745474897325039
cifar10,easy,mlp,step_50000,0.0,500.0,0.10306934267282486,0.01745474897325039
cifar10,easy,mlp,step_50000,0.0,550.0,0.08955062925815582,0.01745474897325039
cifar10,easy,mlp,step_50000,0.0,600.0,0.0819527730345726,0.01745474897325039
cifar10,easy,mlp,step_50000,0.0,650.0,0.07391976565122604,0.01745474897325039
cifar10,easy,mlp,step_50000,0.0,700.0,0.06616120040416718,0.01745474897325039
cifar10,easy,mlp,step_50000,0.0,750.0,0.060854531824588776,0.01745474897325039
cifar10,easy,mlp,step_50000,0.0,800.0,0.055203285068273544,0.01745474897325039
cifar10,easy,mlp,step_50000,0.0,850.0,0.04989893361926079,0.01745474897325039
cifar10,easy,mlp,step_50000,0.0,900.0,0.047513868659734726,0.01745474897325039
cifar10,easy,mlp,step_50000,0.0,950.0,0.046261828392744064,0.01745474897325039
cifar10,easy,mlp,step_50000,0.0,1000.0,0.03983158618211746,0.01745474897325039
cifar10,easy,mlp,step_50000,0.0,1050.0,0.037805330008268356,0.01745474897325039
cifar10,easy,mlp,step_50000,0.0,1100.0,0.03813668712973595,0.01745474897325039
cifar10,easy,mlp,step_50000,0.0,1150.0,0.03378516435623169,0.01745474897325039
cifar10,easy,mlp,step_50000,0.0,1200.0,0.03256407380104065,0.01745474897325039
cifar10,easy,mlp,step_50000,0.0,1250.0,0.028865093365311623,0.01745474897325039
cifar10,easy,mlp,step_50000,0.0,1300.0,0.029795242473483086,0.01745474897325039
cifar10,easy,mlp,step_50000,0.0,1350.0,0.02921830490231514,0.01745474897325039
cifar10,easy,mlp,step_50000,0.0,1400.0,0.025975791737437248,0.01745474897325039
cifar10,easy,mlp,step_50000,0.0,1450.0,0.024161305278539658,0.01745474897325039
cifar10,easy,mlp,step_50000,0.0,1500.0,0.022371483966708183,0.01745474897325039
cifar10,easy,mlp,step_50000,0.0,1550.0,0.024124452844262123,0.01745474897325039
cifar10,easy,mlp,step_50000,0.0,1600.0,0.027690863236784935,0.01745474897325039
cifar10,easy,mlp,step_50000,0.0,1650.0,0.019500667229294777,0.01745474897325039
cifar10,easy,mlp,step_50000,0.0,1700.0,0.0196737851947546,0.01745474897325039
cifar10,easy,mlp,step_50000,0.0,1750.0,0.01928974688053131,0.01745474897325039
cifar10,easy,mlp,step_50000,0.0,1800.0,0.017706086859107018,0.01745474897325039
cifar10,easy,mlp,step_50000,0.0,1850.0,0.016780151054263115,0.01745474897325039
cifar10,easy,mlp,step_50000,0.0,1900.0,0.017578324303030968,0.01745474897325039
cifar10,easy,mlp,step_50000,0.0,1950.0,0.01857863739132881,0.01745474897325039
cifar10,easy,mlp,step_50000,0.0,2000.0,0.01745474897325039,0.01745474897325039
cifar10,easy,mlp,step_50000,1.0,0.0,0.577461838722229,0.015588769689202309
cifar10,easy,mlp,step_50000,1.0,50.0,0.38811227679252625,0.015588769689202309
cifar10,easy,mlp,step_50000,1.0,100.0,0.31357377767562866,0.015588769689202309
cifar10,easy,mlp,step_50000,1.0,150.0,0.2575555443763733,0.015588769689202309
cifar10,easy,mlp,step_50000,1.0,200.0,0.21683476865291595,0.015588769689202309
cifar10,easy,mlp,step_50000,1.0,250.0,0.18077580630779266,0.015588769689202309
cifar10,easy,mlp,step_50000,1.0,300.0,0.1561400592327118,0.015588769689202309
cifar10,easy,mlp,step_50000,1.0,350.0,0.1330014169216156,0.015588769689202309
cifar10,easy,mlp,step_50000,1.0,400.0,0.11647298187017441,0.015588769689202309
cifar10,easy,mlp,step_50000,1.0,450.0,0.1053367406129837,0.015588769689202309
cifar10,easy,mlp,step_50000,1.0,500.0,0.09224727004766464,0.015588769689202309
cifar10,easy,mlp,step_50000,1.0,550.0,0.08320692926645279,0.015588769689202309
cifar10,easy,mlp,step_50000,1.0,600.0,0.07372212409973145,0.015588769689202309
cifar10,easy,mlp,step_50000,1.0,650.0,0.0681687742471695,0.015588769689202309
cifar10,easy,mlp,step_50000,1.0,700.0,0.06286272406578064,0.015588769689202309
cifar10,easy,mlp,step_50000,1.0,750.0,0.056345801800489426,0.015588769689202309
cifar10,easy,mlp,step_50000,1.0,800.0,0.050990402698516846,0.015588769689202309
cifar10,easy,mlp,step_50000,1.0,850.0,0.04746987298130989,0.015588769689202309
cifar10,easy,mlp,step_50000,1.0,900.0,0.044003795832395554,0.015588769689202309
cifar10,easy,mlp,step_50000,1.0,950.0,0.0409114770591259,0.015588769689202309
cifar10,easy,mlp,step_50000,1.0,1000.0,0.0438399575650692,0.015588769689202309
cifar10,easy,mlp,step_50000,1.0,1050.0,0.03573426604270935,0.015588769689202309
cifar10,easy,mlp,step_50000,1.0,1100.0,0.0327787809073925,0.015588769689202309
cifar10,easy,mlp,step_50000,1.0,1150.0,0.03310864418745041,0.015588769689202309
cifar10,easy,mlp,step_50000,1.0,1200.0,0.02896816097199917,0.015588769689202309
cifar10,easy,mlp,step_50000,1.0,1250.0,0.02832098677754402,0.015588769689202309
cifar10,easy,mlp,step_50000,1.0,1300.0,0.02761462703347206,0.015588769689202309
cifar10,easy,mlp,step_50000,1.0,1350.0,0.024778008460998535,0.015588769689202309
cifar10,easy,mlp,step_50000,1.0,1400.0,0.022653920575976372,0.015588769689202309
cifar10,easy,mlp,step_50000,1.0,1450.0,0.022844159975647926,0.015588769689202309
cifar10,easy,mlp,step_50000,1.0,1500.0,0.024481356143951416,0.015588769689202309
cifar10,easy,mlp,step_50000,1.0,1550.0,0.020762315019965172,0.015588769689202309
cifar10,easy,mlp,step_50000,1.0,1600.0,0.024526555091142654,0.015588769689202309
cifar10,easy,mlp,step_50000,1.0,1650.0,0.019678935408592224,0.015588769689202309
cifar10,easy,mlp,step_50000,1.0,1700.0,0.018697679042816162,0.015588769689202309
cifar10,easy,mlp,step_50000,1.0,1750.0,0.01670442335307598,0.015588769689202309
cifar10,easy,mlp,step_50000,1.0,1800.0,0.018087593838572502,0.015588769689202309
cifar10,easy,mlp,step_50000,1.0,1850.0,0.02247185818850994,0.015588769689202309
cifar10,easy,mlp,step_50000,1.0,1900.0,0.016416000202298164,0.015588769689202309
cifar10,easy,mlp,step_50000,1.0,1950.0,0.014116822741925716,0.015588769689202309
cifar10,easy,mlp,step_50000,1.0,2000.0,0.015588769689202309,0.015588769689202309
cifar10,easy,mlp,step_50000,2.0,0.0,0.5815901160240173,0.018543517217040062
cifar10,easy,mlp,step_50000,2.0,50.0,0.413242906332016,0.018543517217040062
cifar10,easy,mlp,step_50000,2.0,100.0,0.34029141068458557,0.018543517217040062
cifar10,easy,mlp,step_50000,2.0,150.0,0.28596553206443787,0.018543517217040062
cifar10,easy,mlp,step_50000,2.0,200.0,0.24536894261837006,0.018543517217040062
cifar10,easy,mlp,step_50000,2.0,250.0,0.20967184007167816,0.018543517217040062
cifar10,easy,mlp,step_50000,2.0,300.0,0.18253986537456512,0.018543517217040062
cifar10,easy,mlp,step_50000,2.0,350.0,0.1595996916294098,0.018543517217040062
cifar10,easy,mlp,step_50000,2.0,400.0,0.13972876965999603,0.018543517217040062
cifar10,easy,mlp,step_50000,2.0,450.0,0.12255213409662247,0.018543517217040062
cifar10,easy,mlp,step_50000,2.0,500.0,0.11065927892923355,0.018543517217040062
cifar10,easy,mlp,step_50000,2.0,550.0,0.09851998090744019,0.018543517217040062
cifar10,easy,mlp,step_50000,2.0,600.0,0.08845607936382294,0.018543517217040062
cifar10,easy,mlp,step_50000,2.0,650.0,0.08154737204313278,0.018543517217040062
cifar10,easy,mlp,step_50000,2.0,700.0,0.07377221435308456,0.018543517217040062
cifar10,easy,mlp,step_50000,2.0,750.0,0.06739753484725952,0.018543517217040062
cifar10,easy,mlp,step_50000,2.0,800.0,0.061778474599123,0.018543517217040062
cifar10,easy,mlp,step_50000,2.0,850.0,0.05860990285873413,0.018543517217040062
cifar10,easy,mlp,step_50000,2.0,900.0,0.06030924245715141,0.018543517217040062
cifar10,easy,mlp,step_50000,2.0,950.0,0.048981767147779465,0.018543517217040062
cifar10,easy,mlp,step_50000,2.0,1000.0,0.04708780348300934,0.018543517217040062
cifar10,easy,mlp,step_50000,2.0,1050.0,0.04585449397563934,0.018543517217040062
cifar10,easy,mlp,step_50000,2.0,1100.0,0.041467078030109406,0.018543517217040062
cifar10,easy,mlp,step_50000,2.0,1150.0,0.03966816887259483,0.018543517217040062
cifar10,easy,mlp,step_50000,2.0,1200.0,0.037188827991485596,0.018543517217040062
cifar10,easy,mlp,step_50000,2.0,1250.0,0.0356464684009552,0.018543517217040062
cifar10,easy,mlp,step_50000,2.0,1300.0,0.033842891454696655,0.018543517217040062
cifar10,easy,mlp,step_50000,2.0,1350.0,0.03158104419708252,0.018543517217040062
cifar10,easy,mlp,step_50000,2.0,1400.0,0.030300064012408257,0.018543517217040062
cifar10,easy,mlp,step_50000,2.0,1450.0,0.032583873718976974,0.018543517217040062
cifar10,easy,mlp,step_50000,2.0,1500.0,0.0286948774009943,0.018543517217040062
cifar10,easy,mlp,step_50000,2.0,1550.0,0.026509571820497513,0.018543517217040062
cifar10,easy,mlp,step_50000,2.0,1600.0,0.02453874982893467,0.018543517217040062
cifar10,easy,mlp,step_50000,2.0,1650.0,0.028227901086211205,0.018543517217040062
cifar10,easy,mlp,step_50000,2.0,1700.0,0.024290909990668297,0.018543517217040062
cifar10,easy,mlp,step_50000,2.0,1750.0,0.02571110986173153,0.018543517217040062
cifar10,easy,mlp,step_50000,2.0,1800.0,0.022093836218118668,0.018543517217040062
cifar10,easy,mlp,step_50000,2.0,1850.0,0.02349088154733181,0.018543517217040062
cifar10,easy,mlp,step_50000,2.0,1900.0,0.022006981074810028,0.018543517217040062
cifar10,easy,mlp,step_50000,2.0,1950.0,0.019005579873919487,0.018543517217040062
cifar10,easy,mlp,step_50000,2.0,2000.0,0.018543517217040062,0.018543517217040062
cifar10,easy,mlp,step_50000,3.0,0.0,0.5741977691650391,0.0130572859197855
cifar10,easy,mlp,step_50000,3.0,50.0,0.3992747366428375,0.0130572859197855
cifar10,easy,mlp,step_50000,3.0,100.0,0.32790514826774597,0.0130572859197855
cifar10,easy,mlp,step_50000,3.0,150.0,0.27155622839927673,0.0130572859197855
cifar10,easy,mlp,step_50000,3.0,200.0,0.22896285355091095,0.0130572859197855
cifar10,easy,mlp,step_50000,3.0,250.0,0.18964289128780365,0.0130572859197855
cifar10,easy,mlp,step_50000,3.0,300.0,0.1618678718805313,0.0130572859197855
cifar10,easy,mlp,step_50000,3.0,350.0,0.1376819610595703,0.0130572859197855
cifar10,easy,mlp,step_50000,3.0,400.0,0.1205725222826004,0.0130572859197855
cifar10,easy,mlp,step_50000,3.0,450.0,0.1051093339920044,0.0130572859197855
cifar10,easy,mlp,step_50000,3.0,500.0,0.09400694817304611,0.0130572859197855
cifar10,easy,mlp,step_50000,3.0,550.0,0.08430428802967072,0.0130572859197855
cifar10,easy,mlp,step_50000,3.0,600.0,0.0756097063422203,0.0130572859197855
cifar10,easy,mlp,step_50000,3.0,650.0,0.06839954853057861,0.0130572859197855
cifar10,easy,mlp,step_50000,3.0,700.0,0.06133083254098892,0.0130572859197855
cifar10,easy,mlp,step_50000,3.0,750.0,0.05757851526141167,0.0130572859197855
cifar10,easy,mlp,step_50000,3.0,800.0,0.05489394813776016,0.0130572859197855
cifar10,easy,mlp,step_50000,3.0,850.0,0.0470220148563385,0.0130572859197855
cifar10,easy,mlp,step_50000,3.0,900.0,0.044896431267261505,0.0130572859197855
cifar10,easy,mlp,step_50000,3.0,950.0,0.04124812036752701,0.0130572859197855
cifar10,easy,mlp,step_50000,3.0,1000.0,0.037501461803913116,0.0130572859197855
cifar10,easy,mlp,step_50000,3.0,1050.0,0.03791799023747444,0.0130572859197855
cifar10,easy,mlp,step_50000,3.0,1100.0,0.03205719217658043,0.0130572859197855
cifar10,easy,mlp,step_50000,3.0,1150.0,0.03119608759880066,0.0130572859197855
cifar10,easy,mlp,step_50000,3.0,1200.0,0.028866088017821312,0.0130572859197855
cifar10,easy,mlp,step_50000,3.0,1250.0,0.025781283155083656,0.0130572859197855
cifar10,easy,mlp,step_50000,3.0,1300.0,0.026971889659762383,0.0130572859197855
cifar10,easy,mlp,step_50000,3.0,1350.0,0.024430125951766968,0.0130572859197855
cifar10,easy,mlp,step_50000,3.0,1400.0,0.022875893861055374,0.0130572859197855
cifar10,easy,mlp,step_50000,3.0,1450.0,0.021299375221133232,0.0130572859197855
cifar10,easy,mlp,step_50000,3.0,1500.0,0.01950279250741005,0.0130572859197855
cifar10,easy,mlp,step_50000,3.0,1550.0,0.02136690728366375,0.0130572859197855
cifar10,easy,mlp,step_50000,3.0,1600.0,0.01765403151512146,0.0130572859197855
cifar10,easy,mlp,step_50000,3.0,1650.0,0.01777101866900921,0.0130572859197855
cifar10,easy,mlp,step_50000,3.0,1700.0,0.015999626368284225,0.0130572859197855
cifar10,easy,mlp,step_50000,3.0,1750.0,0.01573057286441326,0.0130572859197855
cifar10,easy,mlp,step_50000,3.0,1800.0,0.015092985704541206,0.0130572859197855
cifar10,easy,mlp,step_50000,3.0,1850.0,0.013910285197198391,0.0130572859197855
cifar10,easy,mlp,step_50000,3.0,1900.0,0.014365955255925655,0.0130572859197855
cifar10,easy,mlp,step_50000,3.0,1950.0,0.01546385046094656,0.0130572859197855
cifar10,easy,mlp,step_50000,3.0,2000.0,0.0130572859197855,0.0130572859197855
cifar10,easy,mlp,step_50000,4.0,0.0,0.5848707556724548,0.020192617550492287
cifar10,easy,mlp,step_50000,4.0,50.0,0.4075280725955963,0.020192617550492287
cifar10,easy,mlp,step_50000,4.0,100.0,0.33119040727615356,0.020192617550492287
cifar10,easy,mlp,step_50000,4.0,150.0,0.27527573704719543,0.020192617550492287
cifar10,easy,mlp,step_50000,4.0,200.0,0.23382465541362762,0.020192617550492287
cifar10,easy,mlp,step_50000,4.0,250.0,0.19855865836143494,0.020192617550492287
cifar10,easy,mlp,step_50000,4.0,300.0,0.172512486577034,0.020192617550492287
cifar10,easy,mlp,step_50000,4.0,350.0,0.14957396686077118,0.020192617550492287
cifar10,easy,mlp,step_50000,4.0,400.0,0.13173262774944305,0.020192617550492287
cifar10,easy,mlp,step_50000,4.0,450.0,0.11858385056257248,0.020192617550492287
cifar10,easy,mlp,step_50000,4.0,500.0,0.10922332853078842,0.020192617550492287
cifar10,easy,mlp,step_50000,4.0,550.0,0.09602361172437668,0.020192617550492287
cifar10,easy,mlp,step_50000,4.0,600.0,0.08622991293668747,0.020192617550492287
cifar10,easy,mlp,step_50000,4.0,650.0,0.07977069914340973,0.020192617550492287
cifar10,easy,mlp,step_50000,4.0,700.0,0.07502494007349014,0.020192617550492287
cifar10,easy,mlp,step_50000,4.0,750.0,0.06705927103757858,0.020192617550492287
cifar10,easy,mlp,step_50000,4.0,800.0,0.0617622435092926,0.020192617550492287
cifar10,easy,mlp,step_50000,4.0,850.0,0.05875646695494652,0.020192617550492287
cifar10,easy,mlp,step_50000,4.0,900.0,0.055915284901857376,0.020192617550492287
cifar10,easy,mlp,step_50000,4.0,950.0,0.04944861680269241,0.020192617550492287
cifar10,easy,mlp,step_50000,4.0,1000.0,0.048425398766994476,0.020192617550492287
cifar10,easy,mlp,step_50000,4.0,1050.0,0.0463239923119545,0.020192617550492287
cifar10,easy,mlp,step_50000,4.0,1100.0,0.040554966777563095,0.020192617550492287
cifar10,easy,mlp,step_50000,4.0,1150.0,0.040453407913446426,0.020192617550492287
cifar10,easy,mlp,step_50000,4.0,1200.0,0.03943868726491928,0.020192617550492287
cifar10,easy,mlp,step_50000,4.0,1250.0,0.03541954234242439,0.020192617550492287
cifar10,easy,mlp,step_50000,4.0,1300.0,0.033129215240478516,0.020192617550492287
cifar10,easy,mlp,step_50000,4.0,1350.0,0.03235967084765434,0.020192617550492287
cifar10,easy,mlp,step_50000,4.0,1400.0,0.029612863436341286,0.020192617550492287
cifar10,easy,mlp,step_50000,4.0,1450.0,0.03154435753822327,0.020192617550492287
cifar10,easy,mlp,step_50000,4.0,1500.0,0.030287152156233788,0.020192617550492287
cifar10,easy,mlp,step_50000,4.0,1550.0,0.02603493444621563,0.020192617550492287
cifar10,easy,mlp,step_50000,4.0,1600.0,0.027745066210627556,0.020192617550492287
cifar10,easy,mlp,step_50000,4.0,1650.0,0.025467991828918457,0.020192617550492287
cifar10,easy,mlp,step_50000,4.0,1700.0,0.026064589619636536,0.020192617550492287
cifar10,easy,mlp,step_50000,4.0,1750.0,0.02592713199555874,0.020192617550492287
cifar10,easy,mlp,step_50000,4.0,1800.0,0.021271497011184692,0.020192617550492287
cifar10,easy,mlp,step_50000,4.0,1850.0,0.019397735595703125,0.020192617550492287
cifar10,easy,mlp,step_50000,4.0,1900.0,0.019033929333090782,0.020192617550492287
cifar10,easy,mlp,step_50000,4.0,1950.0,0.018066471442580223,0.020192617550492287
cifar10,easy,mlp,step_50000,4.0,2000.0,0.020192617550492287,0.020192617550492287
cifar10,easy,mlp,step_50000,5.0,0.0,0.5796736478805542,0.019788503646850586
cifar10,easy,mlp,step_50000,5.0,50.0,0.4008399546146393,0.019788503646850586
cifar10,easy,mlp,step_50000,5.0,100.0,0.3312377631664276,0.019788503646850586
cifar10,easy,mlp,step_50000,5.0,150.0,0.28154510259628296,0.019788503646850586
cifar10,easy,mlp,step_50000,5.0,200.0,0.23769605159759521,0.019788503646850586
cifar10,easy,mlp,step_50000,5.0,250.0,0.20219174027442932,0.019788503646850586
cifar10,easy,mlp,step_50000,5.0,300.0,0.1741609126329422,0.019788503646850586
cifar10,easy,mlp,step_50000,5.0,350.0,0.15096507966518402,0.019788503646850586
cifar10,easy,mlp,step_50000,5.0,400.0,0.1327470988035202,0.019788503646850586
cifar10,easy,mlp,step_50000,5.0,450.0,0.11588301509618759,0.019788503646850586
cifar10,easy,mlp,step_50000,5.0,500.0,0.10522999614477158,0.019788503646850586
cifar10,easy,mlp,step_50000,5.0,550.0,0.09398782253265381,0.019788503646850586
cifar10,easy,mlp,step_50000,5.0,600.0,0.08820255845785141,0.019788503646850586
cifar10,easy,mlp,step_50000,5.0,650.0,0.07681137323379517,0.019788503646850586
cifar10,easy,mlp,step_50000,5.0,700.0,0.07161285728216171,0.019788503646850586
cifar10,easy,mlp,step_50000,5.0,750.0,0.06525862216949463,0.019788503646850586
cifar10,easy,mlp,step_50000,5.0,800.0,0.05959472060203552,0.019788503646850586
cifar10,easy,mlp,step_50000,5.0,850.0,0.05782889202237129,0.019788503646850586
cifar10,easy,mlp,step_50000,5.0,900.0,0.05256032943725586,0.019788503646850586
cifar10,easy,mlp,step_50000,5.0,950.0,0.04987822100520134,0.019788503646850586
cifar10,easy,mlp,step_50000,5.0,1000.0,0.04546641930937767,0.019788503646850586
cifar10,easy,mlp,step_50000,5.0,1050.0,0.04367278143763542,0.019788503646850586
cifar10,easy,mlp,step_50000,5.0,1100.0,0.03943994268774986,0.019788503646850586
cifar10,easy,mlp,step_50000,5.0,1150.0,0.04070049151778221,0.019788503646850586
cifar10,easy,mlp,step_50000,5.0,1200.0,0.0384378544986248,0.019788503646850586
cifar10,easy,mlp,step_50000,5.0,1250.0,0.03676770254969597,0.019788503646850586
cifar10,easy,mlp,step_50000,5.0,1300.0,0.03234675154089928,0.019788503646850586
cifar10,easy,mlp,step_50000,5.0,1350.0,0.03295592591166496,0.019788503646850586
cifar10,easy,mlp,step_50000,5.0,1400.0,0.03152066096663475,0.019788503646850586
cifar10,easy,mlp,step_50000,5.0,1450.0,0.028434574604034424,0.019788503646850586
cifar10,easy,mlp,step_50000,5.0,1500.0,0.027102667838335037,0.019788503646850586
cifar10,easy,mlp,step_50000,5.0,1550.0,0.026180842891335487,0.019788503646850586
cifar10,easy,mlp,step_50000,5.0,1600.0,0.025404397398233414,0.019788503646850586
cifar10,easy,mlp,step_50000,5.0,1650.0,0.023533916100859642,0.019788503646850586
cifar10,easy,mlp,step_50000,5.0,1700.0,0.02272430621087551,0.019788503646850586
cifar10,easy,mlp,step_50000,5.0,1750.0,0.022042108699679375,0.019788503646850586
cifar10,easy,mlp,step_50000,5.0,1800.0,0.022234471514821053,0.019788503646850586
cifar10,easy,mlp,step_50000,5.0,1850.0,0.019919751212000847,0.019788503646850586
cifar10,easy,mlp,step_50000,5.0,1900.0,0.02024410106241703,0.019788503646850586
cifar10,easy,mlp,step_50000,5.0,1950.0,0.019708028063178062,0.019788503646850586
cifar10,easy,mlp,step_50000,5.0,2000.0,0.019788503646850586,0.019788503646850586
cifar10,easy,mlp,step_50000,6.0,0.0,0.567038357257843,0.013934810645878315
cifar10,easy,mlp,step_50000,6.0,50.0,0.3893786072731018,0.013934810645878315
cifar10,easy,mlp,step_50000,6.0,100.0,0.31691867113113403,0.013934810645878315
cifar10,easy,mlp,step_50000,6.0,150.0,0.265094131231308,0.013934810645878315
cifar10,easy,mlp,step_50000,6.0,200.0,0.22601747512817383,0.013934810645878315
cifar10,easy,mlp,step_50000,6.0,250.0,0.19276483356952667,0.013934810645878315
cifar10,easy,mlp,step_50000,6.0,300.0,0.16649022698402405,0.013934810645878315
cifar10,easy,mlp,step_50000,6.0,350.0,0.14312921464443207,0.013934810645878315
cifar10,easy,mlp,step_50000,6.0,400.0,0.1280134916305542,0.013934810645878315
cifar10,easy,mlp,step_50000,6.0,450.0,0.11184237152338028,0.013934810645878315
cifar10,easy,mlp,step_50000,6.0,500.0,0.1004008799791336,0.013934810645878315
cifar10,easy,mlp,step_50000,6.0,550.0,0.08722198009490967,0.013934810645878315
cifar10,easy,mlp,step_50000,6.0,600.0,0.07930319756269455,0.013934810645878315
cifar10,easy,mlp,step_50000,6.0,650.0,0.07154371589422226,0.013934810645878315
cifar10,easy,mlp,step_50000,6.0,700.0,0.06810585409402847,0.013934810645878315
cifar10,easy,mlp,step_50000,6.0,750.0,0.06077834591269493,0.013934810645878315
cifar10,easy,mlp,step_50000,6.0,800.0,0.05520134046673775,0.013934810645878315
cifar10,easy,mlp,step_50000,6.0,850.0,0.05026955157518387,0.013934810645878315
cifar10,easy,mlp,step_50000,6.0,900.0,0.04686257243156433,0.013934810645878315
cifar10,easy,mlp,step_50000,6.0,950.0,0.04419839754700661,0.013934810645878315
cifar10,easy,mlp,step_50000,6.0,1000.0,0.04222472757101059,0.013934810645878315
cifar10,easy,mlp,step_50000,6.0,1050.0,0.03929460421204567,0.013934810645878315
cifar10,easy,mlp,step_50000,6.0,1100.0,0.03656884655356407,0.013934810645878315
cifar10,easy,mlp,step_50000,6.0,1150.0,0.03570431098341942,0.013934810645878315
cifar10,easy,mlp,step_50000,6.0,1200.0,0.0330483578145504,0.013934810645878315
cifar10,easy,mlp,step_50000,6.0,1250.0,0.030100202187895775,0.013934810645878315
cifar10,easy,mlp,step_50000,6.0,1300.0,0.030159426853060722,0.013934810645878315
cifar10,easy,mlp,step_50000,6.0,1350.0,0.027997000142931938,0.013934810645878315
cifar10,easy,mlp,step_50000,6.0,1400.0,0.024615194648504257,0.013934810645878315
cifar10,easy,mlp,step_50000,6.0,1450.0,0.02403041534125805,0.013934810645878315
cifar10,easy,mlp,step_50000,6.0,1500.0,0.02119542472064495,0.013934810645878315
cifar10,easy,mlp,step_50000,6.0,1550.0,0.021315865218639374,0.013934810645878315
cifar10,easy,mlp,step_50000,6.0,1600.0,0.019898472353816032,0.013934810645878315
cifar10,easy,mlp,step_50000,6.0,1650.0,0.019931139424443245,0.013934810645878315
cifar10,easy,mlp,step_50000,6.0,1700.0,0.017530551180243492,0.013934810645878315
cifar10,easy,mlp,step_50000,6.0,1750.0,0.018284862861037254,0.013934810645878315
cifar10,easy,mlp,step_50000,6.0,1800.0,0.017755767330527306,0.013934810645878315
cifar10,easy,mlp,step_50000,6.0,1850.0,0.015428150072693825,0.013934810645878315
cifar10,easy,mlp,step_50000,6.0,1900.0,0.01701352372765541,0.013934810645878315
cifar10,easy,mlp,step_50000,6.0,1950.0,0.014875642023980618,0.013934810645878315
cifar10,easy,mlp,step_50000,6.0,2000.0,0.013934810645878315,0.013934810645878315
cifar10,easy,mlp,step_50000,7.0,0.0,0.5707470178604126,0.01221574004739523
cifar10,easy,mlp,step_50000,7.0,50.0,0.3826312720775604,0.01221574004739523
cifar10,easy,mlp,step_50000,7.0,100.0,0.3087051510810852,0.01221574004739523
cifar10,easy,mlp,step_50000,7.0,150.0,0.2574121952056885,0.01221574004739523
cifar10,easy,mlp,step_50000,7.0,200.0,0.21838222444057465,0.01221574004739523
cifar10,easy,mlp,step_50000,7.0,250.0,0.18731576204299927,0.01221574004739523
cifar10,easy,mlp,step_50000,7.0,300.0,0.1608191281557083,0.01221574004739523
cifar10,easy,mlp,step_50000,7.0,350.0,0.1397717297077179,0.01221574004739523
cifar10,easy,mlp,step_50000,7.0,400.0,0.12112660706043243,0.01221574004739523
cifar10,easy,mlp,step_50000,7.0,450.0,0.10663700103759766,0.01221574004739523
cifar10,easy,mlp,step_50000,7.0,500.0,0.09385281056165695,0.01221574004739523
cifar10,easy,mlp,step_50000,7.0,550.0,0.08900552242994308,0.01221574004739523
cifar10,easy,mlp,step_50000,7.0,600.0,0.07603802531957626,0.01221574004739523
cifar10,easy,mlp,step_50000,7.0,650.0,0.06755328923463821,0.01221574004739523
cifar10,easy,mlp,step_50000,7.0,700.0,0.06190771609544754,0.01221574004739523
cifar10,easy,mlp,step_50000,7.0,750.0,0.05409722402691841,0.01221574004739523
cifar10,easy,mlp,step_50000,7.0,800.0,0.049946945160627365,0.01221574004739523
cifar10,easy,mlp,step_50000,7.0,850.0,0.04787604883313179,0.01221574004739523
cifar10,easy,mlp,step_50000,7.0,900.0,0.04473121091723442,0.01221574004739523
cifar10,easy,mlp,step_50000,7.0,950.0,0.03874775022268295,0.01221574004739523
cifar10,easy,mlp,step_50000,7.0,1000.0,0.03915463760495186,0.01221574004739523
cifar10,easy,mlp,step_50000,7.0,1050.0,0.03405332192778587,0.01221574004739523
cifar10,easy,mlp,step_50000,7.0,1100.0,0.03261835500597954,0.01221574004739523
cifar10,easy,mlp,step_50000,7.0,1150.0,0.02988327480852604,0.01221574004739523
cifar10,easy,mlp,step_50000,7.0,1200.0,0.029773086309432983,0.01221574004739523
cifar10,easy,mlp,step_50000,7.0,1250.0,0.029528243467211723,0.01221574004739523
cifar10,easy,mlp,step_50000,7.0,1300.0,0.023904699832201004,0.01221574004739523
cifar10,easy,mlp,step_50000,7.0,1350.0,0.024333054199814796,0.01221574004739523
cifar10,easy,mlp,step_50000,7.0,1400.0,0.023988308385014534,0.01221574004739523
cifar10,easy,mlp,step_50000,7.0,1450.0,0.023774204775691032,0.01221574004739523
cifar10,easy,mlp,step_50000,7.0,1500.0,0.02281932160258293,0.01221574004739523
cifar10,easy,mlp,step_50000,7.0,1550.0,0.019189490005373955,0.01221574004739523
cifar10,easy,mlp,step_50000,7.0,1600.0,0.017924359068274498,0.01221574004739523
cifar10,easy,mlp,step_50000,7.0,1650.0,0.01774367317557335,0.01221574004739523
cifar10,easy,mlp,step_50000,7.0,1700.0,0.015960095450282097,0.01221574004739523
cifar10,easy,mlp,step_50000,7.0,1750.0,0.015050381422042847,0.01221574004739523
cifar10,easy,mlp,step_50000,7.0,1800.0,0.016864772886037827,0.01221574004739523
cifar10,easy,mlp,step_50000,7.0,1850.0,0.016789337620139122,0.01221574004739523
cifar10,easy,mlp,step_50000,7.0,1900.0,0.01491753663867712,0.01221574004739523
cifar10,easy,mlp,step_50000,7.0,1950.0,0.013960647396743298,0.01221574004739523
cifar10,easy,mlp,step_50000,7.0,2000.0,0.01221574004739523,0.01221574004739523
cifar10,easy,mlp,step_50000,8.0,0.0,0.5867459177970886,0.028685132041573524
cifar10,easy,mlp,step_50000,8.0,50.0,0.40547701716423035,0.028685132041573524
cifar10,easy,mlp,step_50000,8.0,100.0,0.3384999930858612,0.028685132041573524
cifar10,easy,mlp,step_50000,8.0,150.0,0.28720957040786743,0.028685132041573524
cifar10,easy,mlp,step_50000,8.0,200.0,0.24825897812843323,0.028685132041573524
cifar10,easy,mlp,step_50000,8.0,250.0,0.2127755731344223,0.028685132041573524
cifar10,easy,mlp,step_50000,8.0,300.0,0.18645690381526947,0.028685132041573524
cifar10,easy,mlp,step_50000,8.0,350.0,0.16471505165100098,0.028685132041573524
cifar10,easy,mlp,step_50000,8.0,400.0,0.15031041204929352,0.028685132041573524
cifar10,easy,mlp,step_50000,8.0,450.0,0.13201144337654114,0.028685132041573524
cifar10,easy,mlp,step_50000,8.0,500.0,0.12212883681058884,0.028685132041573524
cifar10,easy,mlp,step_50000,8.0,550.0,0.11873004585504532,0.028685132041573524
cifar10,easy,mlp,step_50000,8.0,600.0,0.1004524827003479,0.028685132041573524
cifar10,easy,mlp,step_50000,8.0,650.0,0.0981459766626358,0.028685132041573524
cifar10,easy,mlp,step_50000,8.0,700.0,0.08786012977361679,0.028685132041573524
cifar10,easy,mlp,step_50000,8.0,750.0,0.08259934931993484,0.028685132041573524
cifar10,easy,mlp,step_50000,8.0,800.0,0.07495781034231186,0.028685132041573524
cifar10,easy,mlp,step_50000,8.0,850.0,0.07161416858434677,0.028685132041573524
cifar10,easy,mlp,step_50000,8.0,900.0,0.06808305531740189,0.028685132041573524
cifar10,easy,mlp,step_50000,8.0,950.0,0.06731238216161728,0.028685132041573524
cifar10,easy,mlp,step_50000,8.0,1000.0,0.060089316219091415,0.028685132041573524
cifar10,easy,mlp,step_50000,8.0,1050.0,0.055961549282073975,0.028685132041573524
cifar10,easy,mlp,step_50000,8.0,1100.0,0.054267194122076035,0.028685132041573524
cifar10,easy,mlp,step_50000,8.0,1150.0,0.05376594141125679,0.028685132041573524
cifar10,easy,mlp,step_50000,8.0,1200.0,0.05134360119700432,0.028685132041573524
cifar10,easy,mlp,step_50000,8.0,1250.0,0.04654449597001076,0.028685132041573524
cifar10,easy,mlp,step_50000,8.0,1300.0,0.043921250849962234,0.028685132041573524
cifar10,easy,mlp,step_50000,8.0,1350.0,0.04187604412436485,0.028685132041573524
cifar10,easy,mlp,step_50000,8.0,1400.0,0.04119616001844406,0.028685132041573524
cifar10,easy,mlp,step_50000,8.0,1450.0,0.038925569504499435,0.028685132041573524
cifar10,easy,mlp,step_50000,8.0,1500.0,0.03987295180559158,0.028685132041573524
cifar10,easy,mlp,step_50000,8.0,1550.0,0.03792287036776543,0.028685132041573524
cifar10,easy,mlp,step_50000,8.0,1600.0,0.03714708611369133,0.028685132041573524
cifar10,easy,mlp,step_50000,8.0,1650.0,0.03446344658732414,0.028685132041573524
cifar10,easy,mlp,step_50000,8.0,1700.0,0.0352746807038784,0.028685132041573524
cifar10,easy,mlp,step_50000,8.0,1750.0,0.032075535506010056,0.028685132041573524
cifar10,easy,mlp,step_50000,8.0,1800.0,0.030519777908921242,0.028685132041573524
cifar10,easy,mlp,step_50000,8.0,1850.0,0.031774163246154785,0.028685132041573524
cifar10,easy,mlp,step_50000,8.0,1900.0,0.032376792281866074,0.028685132041573524
cifar10,easy,mlp,step_50000,8.0,1950.0,0.027542075142264366,0.028685132041573524
cifar10,easy,mlp,step_50000,8.0,2000.0,0.028685132041573524,0.028685132041573524
cifar10,easy,mlp,step_50000,9.0,0.0,0.5665344595909119,0.021126706153154373
cifar10,easy,mlp,step_50000,9.0,50.0,0.3936708867549896,0.021126706153154373
cifar10,easy,mlp,step_50000,9.0,100.0,0.32648083567619324,0.021126706153154373
cifar10,easy,mlp,step_50000,9.0,150.0,0.27442243695259094,0.021126706153154373
cifar10,easy,mlp,step_50000,9.0,200.0,0.23557041585445404,0.021126706153154373
cifar10,easy,mlp,step_50000,9.0,250.0,0.20380139350891113,0.021126706153154373
cifar10,easy,mlp,step_50000,9.0,300.0,0.1762467324733734,0.021126706153154373
cifar10,easy,mlp,step_50000,9.0,350.0,0.15633617341518402,0.021126706153154373
cifar10,easy,mlp,step_50000,9.0,400.0,0.1368897408246994,0.021126706153154373
cifar10,easy,mlp,step_50000,9.0,450.0,0.12348856776952744,0.021126706153154373
cifar10,easy,mlp,step_50000,9.0,500.0,0.11200021952390671,0.021126706153154373
cifar10,easy,mlp,step_50000,9.0,550.0,0.10194393247365952,0.021126706153154373
cifar10,easy,mlp,step_50000,9.0,600.0,0.09242888540029526,0.021126706153154373
cifar10,easy,mlp,step_50000,9.0,650.0,0.0857425183057785,0.021126706153154373
cifar10,easy,mlp,step_50000,9.0,700.0,0.07642602920532227,0.021126706153154373
cifar10,easy,mlp,step_50000,9.0,750.0,0.07285929471254349,0.021126706153154373
cifar10,easy,mlp,step_50000,9.0,800.0,0.07000774145126343,0.021126706153154373
cifar10,easy,mlp,step_50000,9.0,850.0,0.061974018812179565,0.021126706153154373
cifar10,easy,mlp,step_50000,9.0,900.0,0.05644949898123741,0.021126706153154373
cifar10,easy,mlp,step_50000,9.0,950.0,0.05225715786218643,0.021126706153154373
cifar10,easy,mlp,step_50000,9.0,1000.0,0.04887234419584274,0.021126706153154373
cifar10,easy,mlp,step_50000,9.0,1050.0,0.04508562758564949,0.021126706153154373
cifar10,easy,mlp,step_50000,9.0,1100.0,0.0443464033305645,0.021126706153154373
cifar10,easy,mlp,step_50000,9.0,1150.0,0.040466684848070145,0.021126706153154373
cifar10,easy,mlp,step_50000,9.0,1200.0,0.038283612579107285,0.021126706153154373
cifar10,easy,mlp,step_50000,9.0,1250.0,0.03600921481847763,0.021126706153154373
cifar10,easy,mlp,step_50000,9.0,1300.0,0.038433738052845,0.021126706153154373
cifar10,easy,mlp,step_50000,9.0,1350.0,0.03092545084655285,0.021126706153154373
cifar10,easy,mlp,step_50000,9.0,1400.0,0.03147861361503601,0.021126706153154373
cifar10,easy,mlp,step_50000,9.0,1450.0,0.02968205325305462,0.021126706153154373
cifar10,easy,mlp,step_50000,9.0,1500.0,0.0257106963545084,0.021126706153154373
cifar10,easy,mlp,step_50000,9.0,1550.0,0.026930108666419983,0.021126706153154373
cifar10,easy,mlp,step_50000,9.0,1600.0,0.03067953884601593,0.021126706153154373
cifar10,easy,mlp,step_50000,9.0,1650.0,0.02392134629189968,0.021126706153154373
cifar10,easy,mlp,step_50000,9.0,1700.0,0.023042812943458557,0.021126706153154373
cifar10,easy,mlp,step_50000,9.0,1750.0,0.021096963435411453,0.021126706153154373
cifar10,easy,mlp,step_50000,9.0,1800.0,0.021637529134750366,0.021126706153154373
cifar10,easy,mlp,step_50000,9.0,1850.0,0.019735341891646385,0.021126706153154373
cifar10,easy,mlp,step_50000,9.0,1900.0,0.01996575854718685,0.021126706153154373
cifar10,easy,mlp,step_50000,9.0,1950.0,0.019671021029353142,0.021126706153154373
cifar10,easy,mlp,step_50000,9.0,2000.0,0.021126706153154373,0.021126706153154373
cifar10,easy,mlp,step_100000,0.0,0.0,0.5860316753387451,0.0391463004052639
cifar10,easy,mlp,step_100000,0.0,50.0,0.42647266387939453,0.0391463004052639
cifar10,easy,mlp,step_100000,0.0,100.0,0.3642469346523285,0.0391463004052639
cifar10,easy,mlp,step_100000,0.0,150.0,0.31640392541885376,0.0391463004052639
cifar10,easy,mlp,step_100000,0.0,200.0,0.27875086665153503,0.0391463004052639
cifar10,easy,mlp,step_100000,0.0,250.0,0.24912209808826447,0.0391463004052639
cifar10,easy,mlp,step_100000,0.0,300.0,0.2243044227361679,0.0391463004052639
cifar10,easy,mlp,step_100000,0.0,350.0,0.20204441249370575,0.0391463004052639
cifar10,easy,mlp,step_100000,0.0,400.0,0.18484410643577576,0.0391463004052639
cifar10,easy,mlp,step_100000,0.0,450.0,0.17284522950649261,0.0391463004052639
cifar10,easy,mlp,step_100000,0.0,500.0,0.1588541865348816,0.0391463004052639
cifar10,easy,mlp,step_100000,0.0,550.0,0.1442117691040039,0.0391463004052639
cifar10,easy,mlp,step_100000,0.0,600.0,0.13512924313545227,0.0391463004052639
cifar10,easy,mlp,step_100000,0.0,650.0,0.1269119828939438,0.0391463004052639
cifar10,easy,mlp,step_100000,0.0,700.0,0.11754512786865234,0.0391463004052639
cifar10,easy,mlp,step_100000,0.0,750.0,0.11059155315160751,0.0391463004052639
cifar10,easy,mlp,step_100000,0.0,800.0,0.10426683723926544,0.0391463004052639
cifar10,easy,mlp,step_100000,0.0,850.0,0.09932323545217514,0.0391463004052639
cifar10,easy,mlp,step_100000,0.0,900.0,0.09270944446325302,0.0391463004052639
cifar10,easy,mlp,step_100000,0.0,950.0,0.08853648602962494,0.0391463004052639
cifar10,easy,mlp,step_100000,0.0,1000.0,0.08268872648477554,0.0391463004052639
cifar10,easy,mlp,step_100000,0.0,1050.0,0.08025194704532623,0.0391463004052639
cifar10,easy,mlp,step_100000,0.0,1100.0,0.07419351488351822,0.0391463004052639
cifar10,easy,mlp,step_100000,0.0,1150.0,0.07443626970052719,0.0391463004052639
cifar10,easy,mlp,step_100000,0.0,1200.0,0.07491013407707214,0.0391463004052639
cifar10,easy,mlp,step_100000,0.0,1250.0,0.06608996540307999,0.0391463004052639
cifar10,easy,mlp,step_100000,0.0,1300.0,0.06431624293327332,0.0391463004052639
cifar10,easy,mlp,step_100000,0.0,1350.0,0.062126196920871735,0.0391463004052639
cifar10,easy,mlp,step_100000,0.0,1400.0,0.05916795879602432,0.0391463004052639
cifar10,easy,mlp,step_100000,0.0,1450.0,0.05800839886069298,0.0391463004052639
cifar10,easy,mlp,step_100000,0.0,1500.0,0.05632936954498291,0.0391463004052639
cifar10,easy,mlp,step_100000,0.0,1550.0,0.057110052555799484,0.0391463004052639
cifar10,easy,mlp,step_100000,0.0,1600.0,0.0559217743575573,0.0391463004052639
cifar10,easy,mlp,step_100000,0.0,1650.0,0.05159471184015274,0.0391463004052639
cifar10,easy,mlp,step_100000,0.0,1700.0,0.05115249380469322,0.0391463004052639
cifar10,easy,mlp,step_100000,0.0,1750.0,0.04888862743973732,0.0391463004052639
cifar10,easy,mlp,step_100000,0.0,1800.0,0.06480253487825394,0.0391463004052639
cifar10,easy,mlp,step_100000,0.0,1850.0,0.04364299029111862,0.0391463004052639
cifar10,easy,mlp,step_100000,0.0,1900.0,0.0410047248005867,0.0391463004052639
cifar10,easy,mlp,step_100000,0.0,1950.0,0.03924376517534256,0.0391463004052639
cifar10,easy,mlp,step_100000,0.0,2000.0,0.0391463004052639,0.0391463004052639
cifar10,easy,mlp,step_100000,1.0,0.0,0.5954294204711914,0.04370338097214699
cifar10,easy,mlp,step_100000,1.0,50.0,0.4286952018737793,0.04370338097214699
cifar10,easy,mlp,step_100000,1.0,100.0,0.37335553765296936,0.04370338097214699
cifar10,easy,mlp,step_100000,1.0,150.0,0.3321419656276703,0.04370338097214699
cifar10,easy,mlp,step_100000,1.0,200.0,0.29528573155403137,0.04370338097214699
cifar10,easy,mlp,step_100000,1.0,250.0,0.2671635150909424,0.04370338097214699
cifar10,easy,mlp,step_100000,1.0,300.0,0.23759284615516663,0.04370338097214699
cifar10,easy,mlp,step_100000,1.0,350.0,0.2158174067735672,0.04370338097214699
cifar10,easy,mlp,step_100000,1.0,400.0,0.1963365375995636,0.04370338097214699
cifar10,easy,mlp,step_100000,1.0,450.0,0.1821199506521225,0.04370338097214699
cifar10,easy,mlp,step_100000,1.0,500.0,0.1675887554883957,0.04370338097214699
cifar10,easy,mlp,step_100000,1.0,550.0,0.15197372436523438,0.04370338097214699
cifar10,easy,mlp,step_100000,1.0,600.0,0.1405186504125595,0.04370338097214699
cifar10,easy,mlp,step_100000,1.0,650.0,0.13365982472896576,0.04370338097214699
cifar10,easy,mlp,step_100000,1.0,700.0,0.12435203790664673,0.04370338097214699
cifar10,easy,mlp,step_100000,1.0,750.0,0.11570215225219727,0.04370338097214699
cifar10,easy,mlp,step_100000,1.0,800.0,0.11211776733398438,0.04370338097214699
cifar10,easy,mlp,step_100000,1.0,850.0,0.10412533581256866,0.04370338097214699
cifar10,easy,mlp,step_100000,1.0,900.0,0.0977160856127739,0.04370338097214699
cifar10,easy,mlp,step_100000,1.0,950.0,0.09497109800577164,0.04370338097214699
cifar10,easy,mlp,step_100000,1.0,1000.0,0.09025048464536667,0.04370338097214699
cifar10,easy,mlp,step_100000,1.0,1050.0,0.08392032235860825,0.04370338097214699
cifar10,easy,mlp,step_100000,1.0,1100.0,0.0859486535191536,0.04370338097214699
cifar10,easy,mlp,step_100000,1.0,1150.0,0.08211474865674973,0.04370338097214699
cifar10,easy,mlp,step_100000,1.0,1200.0,0.07554344832897186,0.04370338097214699
cifar10,easy,mlp,step_100000,1.0,1250.0,0.08348015695810318,0.04370338097214699
cifar10,easy,mlp,step_100000,1.0,1300.0,0.07026808708906174,0.04370338097214699
cifar10,easy,mlp,step_100000,1.0,1350.0,0.06662160903215408,0.04370338097214699
cifar10,easy,mlp,step_100000,1.0,1400.0,0.0673038586974144,0.04370338097214699
cifar10,easy,mlp,step_100000,1.0,1450.0,0.06136375665664673,0.04370338097214699
cifar10,easy,mlp,step_100000,1.0,1500.0,0.05723506212234497,0.04370338097214699
cifar10,easy,mlp,step_100000,1.0,1550.0,0.055554598569869995,0.04370338097214699
cifar10,easy,mlp,step_100000,1.0,1600.0,0.05398475006222725,0.04370338097214699
cifar10,easy,mlp,step_100000,1.0,1650.0,0.05228419229388237,0.04370338097214699
cifar10,easy,mlp,step_100000,1.0,1700.0,0.04904574900865555,0.04370338097214699
cifar10,easy,mlp,step_100000,1.0,1750.0,0.052679967135190964,0.04370338097214699
cifar10,easy,mlp,step_100000,1.0,1800.0,0.04677122086286545,0.04370338097214699
cifar10,easy,mlp,step_100000,1.0,1850.0,0.05071676895022392,0.04370338097214699
cifar10,easy,mlp,step_100000,1.0,1900.0,0.04559016227722168,0.04370338097214699
cifar10,easy,mlp,step_100000,1.0,1950.0,0.04542792961001396,0.04370338097214699
cifar10,easy,mlp,step_100000,1.0,2000.0,0.04370338097214699,0.04370338097214699
cifar10,easy,mlp,step_100000,2.0,0.0,0.589122474193573,0.01988910511136055
cifar10,easy,mlp,step_100000,2.0,50.0,0.3977658748626709,0.01988910511136055
cifar10,easy,mlp,step_100000,2.0,100.0,0.3257139325141907,0.01988910511136055
cifar10,easy,mlp,step_100000,2.0,150.0,0.27412524819374084,0.01988910511136055
cifar10,easy,mlp,step_100000,2.0,200.0,0.23254580795764923,0.01988910511136055
cifar10,easy,mlp,step_100000,2.0,250.0,0.1997552365064621,0.01988910511136055
cifar10,easy,mlp,step_100000,2.0,300.0,0.1757674217224121,0.01988910511136055
cifar10,easy,mlp,step_100000,2.0,350.0,0.15231922268867493,0.01988910511136055
cifar10,easy,mlp,step_100000,2.0,400.0,0.1362399309873581,0.01988910511136055
cifar10,easy,mlp,step_100000,2.0,450.0,0.12131061404943466,0.01988910511136055
cifar10,easy,mlp,step_100000,2.0,500.0,0.10563633590936661,0.01988910511136055
cifar10,easy,mlp,step_100000,2.0,550.0,0.09931568056344986,0.01988910511136055
cifar10,easy,mlp,step_100000,2.0,600.0,0.0865061804652214,0.01988910511136055
cifar10,easy,mlp,step_100000,2.0,650.0,0.08187227696180344,0.01988910511136055
cifar10,easy,mlp,step_100000,2.0,700.0,0.07269459962844849,0.01988910511136055
cifar10,easy,mlp,step_100000,2.0,750.0,0.07211808115243912,0.01988910511136055
cifar10,easy,mlp,step_100000,2.0,800.0,0.06576508283615112,0.01988910511136055
cifar10,easy,mlp,step_100000,2.0,850.0,0.05879403278231621,0.01988910511136055
cifar10,easy,mlp,step_100000,2.0,900.0,0.05498544126749039,0.01988910511136055
cifar10,easy,mlp,step_100000,2.0,950.0,0.05539465695619583,0.01988910511136055
cifar10,easy,mlp,step_100000,2.0,1000.0,0.048833802342414856,0.01988910511136055
cifar10,easy,mlp,step_100000,2.0,1050.0,0.04518263414502144,0.01988910511136055
cifar10,easy,mlp,step_100000,2.0,1100.0,0.04394815117120743,0.01988910511136055
cifar10,easy,mlp,step_100000,2.0,1150.0,0.04123011976480484,0.01988910511136055
cifar10,easy,mlp,step_100000,2.0,1200.0,0.03807443380355835,0.01988910511136055
cifar10,easy,mlp,step_100000,2.0,1250.0,0.03604496270418167,0.01988910511136055
cifar10,easy,mlp,step_100000,2.0,1300.0,0.037261560559272766,0.01988910511136055
cifar10,easy,mlp,step_100000,2.0,1350.0,0.03298896178603172,0.01988910511136055
cifar10,easy,mlp,step_100000,2.0,1400.0,0.031131630763411522,0.01988910511136055
cifar10,easy,mlp,step_100000,2.0,1450.0,0.033616118133068085,0.01988910511136055
cifar10,easy,mlp,step_100000,2.0,1500.0,0.028079671785235405,0.01988910511136055
cifar10,easy,mlp,step_100000,2.0,1550.0,0.03359432891011238,0.01988910511136055
cifar10,easy,mlp,step_100000,2.0,1600.0,0.02794468402862549,0.01988910511136055
cifar10,easy,mlp,step_100000,2.0,1650.0,0.025997942313551903,0.01988910511136055
cifar10,easy,mlp,step_100000,2.0,1700.0,0.026480013504624367,0.01988910511136055
cifar10,easy,mlp,step_100000,2.0,1750.0,0.022219397127628326,0.01988910511136055
cifar10,easy,mlp,step_100000,2.0,1800.0,0.024803122505545616,0.01988910511136055
cifar10,easy,mlp,step_100000,2.0,1850.0,0.020586270838975906,0.01988910511136055
cifar10,easy,mlp,step_100000,2.0,1900.0,0.019258642569184303,0.01988910511136055
cifar10,easy,mlp,step_100000,2.0,1950.0,0.01857745833694935,0.01988910511136055
cifar10,easy,mlp,step_100000,2.0,2000.0,0.01988910511136055,0.01988910511136055
cifar10,easy,mlp,step_100000,3.0,0.0,0.5944754481315613,0.02508026361465454
cifar10,easy,mlp,step_100000,3.0,50.0,0.401702880859375,0.02508026361465454
cifar10,easy,mlp,step_100000,3.0,100.0,0.32996970415115356,0.02508026361465454
cifar10,easy,mlp,step_100000,3.0,150.0,0.27849146723747253,0.02508026361465454
cifar10,easy,mlp,step_100000,3.0,200.0,0.23684607446193695,0.02508026361465454
cifar10,easy,mlp,step_100000,3.0,250.0,0.20843343436717987,0.02508026361465454
cifar10,easy,mlp,step_100000,3.0,300.0,0.1807572990655899,0.02508026361465454
cifar10,easy,mlp,step_100000,3.0,350.0,0.16178616881370544,0.02508026361465454
cifar10,easy,mlp,step_100000,3.0,400.0,0.14487726986408234,0.02508026361465454
cifar10,easy,mlp,step_100000,3.0,450.0,0.12954039871692657,0.02508026361465454
cifar10,easy,mlp,step_100000,3.0,500.0,0.11856360733509064,0.02508026361465454
cifar10,easy,mlp,step_100000,3.0,550.0,0.10688235610723495,0.02508026361465454
cifar10,easy,mlp,step_100000,3.0,600.0,0.10081654042005539,0.02508026361465454
cifar10,easy,mlp,step_100000,3.0,650.0,0.09608490765094757,0.02508026361465454
cifar10,easy,mlp,step_100000,3.0,700.0,0.08300967514514923,0.02508026361465454
cifar10,easy,mlp,step_100000,3.0,750.0,0.07723136991262436,0.02508026361465454
cifar10,easy,mlp,step_100000,3.0,800.0,0.07280867546796799,0.02508026361465454
cifar10,easy,mlp,step_100000,3.0,850.0,0.06941268593072891,0.02508026361465454
cifar10,easy,mlp,step_100000,3.0,900.0,0.0667182207107544,0.02508026361465454
cifar10,easy,mlp,step_100000,3.0,950.0,0.06197860464453697,0.02508026361465454
cifar10,easy,mlp,step_100000,3.0,1000.0,0.0598183237016201,0.02508026361465454
cifar10,easy,mlp,step_100000,3.0,1050.0,0.052766598761081696,0.02508026361465454
cifar10,easy,mlp,step_100000,3.0,1100.0,0.05218225717544556,0.02508026361465454
cifar10,easy,mlp,step_100000,3.0,1150.0,0.0505615770816803,0.02508026361465454
cifar10,easy,mlp,step_100000,3.0,1200.0,0.04518836364150047,0.02508026361465454
cifar10,easy,mlp,step_100000,3.0,1250.0,0.05049202963709831,0.02508026361465454
cifar10,easy,mlp,step_100000,3.0,1300.0,0.041358526796102524,0.02508026361465454
cifar10,easy,mlp,step_100000,3.0,1350.0,0.04169994220137596,0.02508026361465454
cifar10,easy,mlp,step_100000,3.0,1400.0,0.03888477757573128,0.02508026361465454
cifar10,easy,mlp,step_100000,3.0,1450.0,0.0356609933078289,0.02508026361465454
cifar10,easy,mlp,step_100000,3.0,1500.0,0.03659672290086746,0.02508026361465454
cifar10,easy,mlp,step_100000,3.0,1550.0,0.03506261855363846,0.02508026361465454
cifar10,easy,mlp,step_100000,3.0,1600.0,0.03323862701654434,0.02508026361465454
cifar10,easy,mlp,step_100000,3.0,1650.0,0.03151397407054901,0.02508026361465454
cifar10,easy,mlp,step_100000,3.0,1700.0,0.03260352835059166,0.02508026361465454
cifar10,easy,mlp,step_100000,3.0,1750.0,0.030219798907637596,0.02508026361465454
cifar10,easy,mlp,step_100000,3.0,1800.0,0.029489153996109962,0.02508026361465454
cifar10,easy,mlp,step_100000,3.0,1850.0,0.027333667501807213,0.02508026361465454
cifar10,easy,mlp,step_100000,3.0,1900.0,0.029373962432146072,0.02508026361465454
cifar10,easy,mlp,step_100000,3.0,1950.0,0.025415772572159767,0.02508026361465454
cifar10,easy,mlp,step_100000,3.0,2000.0,0.02508026361465454,0.02508026361465454
cifar10,easy,mlp,step_100000,4.0,0.0,0.5923865437507629,0.024095851927995682
cifar10,easy,mlp,step_100000,4.0,50.0,0.4051307141780853,0.024095851927995682
cifar10,easy,mlp,step_100000,4.0,100.0,0.33259329199790955,0.024095851927995682
cifar10,easy,mlp,step_100000,4.0,150.0,0.28358349204063416,0.024095851927995682
cifar10,easy,mlp,step_100000,4.0,200.0,0.2411189079284668,0.024095851927995682
cifar10,easy,mlp,step_100000,4.0,250.0,0.20996835827827454,0.024095851927995682
cifar10,easy,mlp,step_100000,4.0,300.0,0.18343539535999298,0.024095851927995682
cifar10,easy,mlp,step_100000,4.0,350.0,0.1638891100883484,0.024095851927995682
cifar10,easy,mlp,step_100000,4.0,400.0,0.14832964539527893,0.024095851927995682
cifar10,easy,mlp,step_100000,4.0,450.0,0.13079588115215302,0.024095851927995682
cifar10,easy,mlp,step_100000,4.0,500.0,0.12110668420791626,0.024095851927995682
cifar10,easy,mlp,step_100000,4.0,550.0,0.1092684417963028,0.024095851927995682
cifar10,easy,mlp,step_100000,4.0,600.0,0.10030686855316162,0.024095851927995682
cifar10,easy,mlp,step_100000,4.0,650.0,0.09267041832208633,0.024095851927995682
cifar10,easy,mlp,step_100000,4.0,700.0,0.08536671847105026,0.024095851927995682
cifar10,easy,mlp,step_100000,4.0,750.0,0.0789497122168541,0.024095851927995682
cifar10,easy,mlp,step_100000,4.0,800.0,0.07205089181661606,0.024095851927995682
cifar10,easy,mlp,step_100000,4.0,850.0,0.06906067579984665,0.024095851927995682
cifar10,easy,mlp,step_100000,4.0,900.0,0.06493422389030457,0.024095851927995682
cifar10,easy,mlp,step_100000,4.0,950.0,0.061448682099580765,0.024095851927995682
cifar10,easy,mlp,step_100000,4.0,1000.0,0.061760228127241135,0.024095851927995682
cifar10,easy,mlp,step_100000,4.0,1050.0,0.05377093702554703,0.024095851927995682
cifar10,easy,mlp,step_100000,4.0,1100.0,0.05358777195215225,0.024095851927995682
cifar10,easy,mlp,step_100000,4.0,1150.0,0.04602114111185074,0.024095851927995682
cifar10,easy,mlp,step_100000,4.0,1200.0,0.04896609112620354,0.024095851927995682
cifar10,easy,mlp,step_100000,4.0,1250.0,0.04241738095879555,0.024095851927995682
cifar10,easy,mlp,step_100000,4.0,1300.0,0.040534816682338715,0.024095851927995682
cifar10,easy,mlp,step_100000,4.0,1350.0,0.03825917840003967,0.024095851927995682
cifar10,easy,mlp,step_100000,4.0,1400.0,0.037015367299318314,0.024095851927995682
cifar10,easy,mlp,step_100000,4.0,1450.0,0.035225000232458115,0.024095851927995682
cifar10,easy,mlp,step_100000,4.0,1500.0,0.048010990023612976,0.024095851927995682
cifar10,easy,mlp,step_100000,4.0,1550.0,0.033491116017103195,0.024095851927995682
cifar10,easy,mlp,step_100000,4.0,1600.0,0.029935503378510475,0.024095851927995682
cifar10,easy,mlp,step_100000,4.0,1650.0,0.02936851792037487,0.024095851927995682
cifar10,easy,mlp,step_100000,4.0,1700.0,0.028109533712267876,0.024095851927995682
cifar10,easy,mlp,step_100000,4.0,1750.0,0.026623517274856567,0.024095851927995682
cifar10,easy,mlp,step_100000,4.0,1800.0,0.02554815448820591,0.024095851927995682
cifar10,easy,mlp,step_100000,4.0,1850.0,0.024519601836800575,0.024095851927995682
cifar10,easy,mlp,step_100000,4.0,1900.0,0.025325460359454155,0.024095851927995682
cifar10,easy,mlp,step_100000,4.0,1950.0,0.022806653752923012,0.024095851927995682
cifar10,easy,mlp,step_100000,4.0,2000.0,0.024095851927995682,0.024095851927995682
cifar10,easy,mlp,step_100000,5.0,0.0,0.605358898639679,0.04311225935816765
cifar10,easy,mlp,step_100000,5.0,50.0,0.4321708679199219,0.04311225935816765
cifar10,easy,mlp,step_100000,5.0,100.0,0.37787437438964844,0.04311225935816765
cifar10,easy,mlp,step_100000,5.0,150.0,0.33580470085144043,0.04311225935816765
cifar10,easy,mlp,step_100000,5.0,200.0,0.30367356538772583,0.04311225935816765
cifar10,easy,mlp,step_100000,5.0,250.0,0.2726937234401703,0.04311225935816765
cifar10,easy,mlp,step_100000,5.0,300.0,0.24512842297554016,0.04311225935816765
cifar10,easy,mlp,step_100000,5.0,350.0,0.2251727133989334,0.04311225935816765
cifar10,easy,mlp,step_100000,5.0,400.0,0.20518150925636292,0.04311225935816765
cifar10,easy,mlp,step_100000,5.0,450.0,0.1898166388273239,0.04311225935816765
cifar10,easy,mlp,step_100000,5.0,500.0,0.17366056144237518,0.04311225935816765
cifar10,easy,mlp,step_100000,5.0,550.0,0.1594098061323166,0.04311225935816765
cifar10,easy,mlp,step_100000,5.0,600.0,0.15549492835998535,0.04311225935816765
cifar10,easy,mlp,step_100000,5.0,650.0,0.14206674695014954,0.04311225935816765
cifar10,easy,mlp,step_100000,5.0,700.0,0.13132070004940033,0.04311225935816765
cifar10,easy,mlp,step_100000,5.0,750.0,0.12507691979408264,0.04311225935816765
cifar10,easy,mlp,step_100000,5.0,800.0,0.11652415990829468,0.04311225935816765
cifar10,easy,mlp,step_100000,5.0,850.0,0.108799509704113,0.04311225935816765
cifar10,easy,mlp,step_100000,5.0,900.0,0.10414765030145645,0.04311225935816765
cifar10,easy,mlp,step_100000,5.0,950.0,0.09760177135467529,0.04311225935816765
cifar10,easy,mlp,step_100000,5.0,1000.0,0.09530913084745407,0.04311225935816765
cifar10,easy,mlp,step_100000,5.0,1050.0,0.0891818031668663,0.04311225935816765
cifar10,easy,mlp,step_100000,5.0,1100.0,0.08380482345819473,0.04311225935816765
cifar10,easy,mlp,step_100000,5.0,1150.0,0.08013947308063507,0.04311225935816765
cifar10,easy,mlp,step_100000,5.0,1200.0,0.07683300226926804,0.04311225935816765
cifar10,easy,mlp,step_100000,5.0,1250.0,0.07575368881225586,0.04311225935816765
cifar10,easy,mlp,step_100000,5.0,1300.0,0.07438184320926666,0.04311225935816765
cifar10,easy,mlp,step_100000,5.0,1350.0,0.06804497539997101,0.04311225935816765
cifar10,easy,mlp,step_100000,5.0,1400.0,0.06802922487258911,0.04311225935816765
cifar10,easy,mlp,step_100000,5.0,1450.0,0.062397152185440063,0.04311225935816765
cifar10,easy,mlp,step_100000,5.0,1500.0,0.06300530582666397,0.04311225935816765
cifar10,easy,mlp,step_100000,5.0,1550.0,0.05890904739499092,0.04311225935816765
cifar10,easy,mlp,step_100000,5.0,1600.0,0.05985395982861519,0.04311225935816765
cifar10,easy,mlp,step_100000,5.0,1650.0,0.05384737253189087,0.04311225935816765
cifar10,easy,mlp,step_100000,5.0,1700.0,0.055524617433547974,0.04311225935816765
cifar10,easy,mlp,step_100000,5.0,1750.0,0.05217139795422554,0.04311225935816765
cifar10,easy,mlp,step_100000,5.0,1800.0,0.05396483093500137,0.04311225935816765
cifar10,easy,mlp,step_100000,5.0,1850.0,0.04915653169155121,0.04311225935816765
cifar10,easy,mlp,step_100000,5.0,1900.0,0.047591790556907654,0.04311225935816765
cifar10,easy,mlp,step_100000,5.0,1950.0,0.046513672918081284,0.04311225935816765
cifar10,easy,mlp,step_100000,5.0,2000.0,0.04311225935816765,0.04311225935816765
cifar10,easy,mlp,step_100000,6.0,0.0,0.6020647287368774,0.03168946132063866
cifar10,easy,mlp,step_100000,6.0,50.0,0.42368173599243164,0.03168946132063866
cifar10,easy,mlp,step_100000,6.0,100.0,0.3589114844799042,0.03168946132063866
cifar10,easy,mlp,step_100000,6.0,150.0,0.31276142597198486,0.03168946132063866
cifar10,easy,mlp,step_100000,6.0,200.0,0.2715255320072174,0.03168946132063866
cifar10,easy,mlp,step_100000,6.0,250.0,0.2389521449804306,0.03168946132063866
cifar10,easy,mlp,step_100000,6.0,300.0,0.21133486926555634,0.03168946132063866
cifar10,easy,mlp,step_100000,6.0,350.0,0.1886758953332901,0.03168946132063866
cifar10,easy,mlp,step_100000,6.0,400.0,0.1703740805387497,0.03168946132063866
cifar10,easy,mlp,step_100000,6.0,450.0,0.15396571159362793,0.03168946132063866
cifar10,easy,mlp,step_100000,6.0,500.0,0.1404287964105606,0.03168946132063866
cifar10,easy,mlp,step_100000,6.0,550.0,0.13040761649608612,0.03168946132063866
cifar10,easy,mlp,step_100000,6.0,600.0,0.11855914443731308,0.03168946132063866
cifar10,easy,mlp,step_100000,6.0,650.0,0.10925809293985367,0.03168946132063866
cifar10,easy,mlp,step_100000,6.0,700.0,0.10223656892776489,0.03168946132063866
cifar10,easy,mlp,step_100000,6.0,750.0,0.09517060965299606,0.03168946132063866
cifar10,easy,mlp,step_100000,6.0,800.0,0.09227152168750763,0.03168946132063866
cifar10,easy,mlp,step_100000,6.0,850.0,0.08517397940158844,0.03168946132063866
cifar10,easy,mlp,step_100000,6.0,900.0,0.07990396022796631,0.03168946132063866
cifar10,easy,mlp,step_100000,6.0,950.0,0.07528447359800339,0.03168946132063866
cifar10,easy,mlp,step_100000,6.0,1000.0,0.07289817184209824,0.03168946132063866
cifar10,easy,mlp,step_100000,6.0,1050.0,0.06811204552650452,0.03168946132063866
cifar10,easy,mlp,step_100000,6.0,1100.0,0.06365467607975006,0.03168946132063866
cifar10,easy,mlp,step_100000,6.0,1150.0,0.060750510543584824,0.03168946132063866
cifar10,easy,mlp,step_100000,6.0,1200.0,0.059598516672849655,0.03168946132063866
cifar10,easy,mlp,step_100000,6.0,1250.0,0.054760124534368515,0.03168946132063866
cifar10,easy,mlp,step_100000,6.0,1300.0,0.05462231859564781,0.03168946132063866
cifar10,easy,mlp,step_100000,6.0,1350.0,0.049603354185819626,0.03168946132063866
cifar10,easy,mlp,step_100000,6.0,1400.0,0.05077624320983887,0.03168946132063866
cifar10,easy,mlp,step_100000,6.0,1450.0,0.049262579530477524,0.03168946132063866
cifar10,easy,mlp,step_100000,6.0,1500.0,0.04430738836526871,0.03168946132063866
cifar10,easy,mlp,step_100000,6.0,1550.0,0.045033395290374756,0.03168946132063866
cifar10,easy,mlp,step_100000,6.0,1600.0,0.04097466170787811,0.03168946132063866
cifar10,easy,mlp,step_100000,6.0,1650.0,0.041284963488578796,0.03168946132063866
cifar10,easy,mlp,step_100000,6.0,1700.0,0.04170219227671623,0.03168946132063866
cifar10,easy,mlp,step_100000,6.0,1750.0,0.038084615021944046,0.03168946132063866
cifar10,easy,mlp,step_100000,6.0,1800.0,0.035588204860687256,0.03168946132063866
cifar10,easy,mlp,step_100000,6.0,1850.0,0.035947948694229126,0.03168946132063866
cifar10,easy,mlp,step_100000,6.0,1900.0,0.03524334356188774,0.03168946132063866
cifar10,easy,mlp,step_100000,6.0,1950.0,0.033358294516801834,0.03168946132063866
cifar10,easy,mlp,step_100000,6.0,2000.0,0.03168946132063866,0.03168946132063866
cifar10,easy,mlp,step_100000,7.0,0.0,0.585930585861206,0.022883210331201553
cifar10,easy,mlp,step_100000,7.0,50.0,0.40920838713645935,0.022883210331201553
cifar10,easy,mlp,step_100000,7.0,100.0,0.34390783309936523,0.022883210331201553
cifar10,easy,mlp,step_100000,7.0,150.0,0.2947332561016083,0.022883210331201553
cifar10,easy,mlp,step_100000,7.0,200.0,0.25298652052879333,0.022883210331201553
cifar10,easy,mlp,step_100000,7.0,250.0,0.2184053212404251,0.022883210331201553
cifar10,easy,mlp,step_100000,7.0,300.0,0.19038477540016174,0.022883210331201553
cifar10,easy,mlp,step_100000,7.0,350.0,0.16755567491054535,0.022883210331201553
cifar10,easy,mlp,step_100000,7.0,400.0,0.14726507663726807,0.022883210331201553
cifar10,easy,mlp,step_100000,7.0,450.0,0.1320158988237381,0.022883210331201553
cifar10,easy,mlp,step_100000,7.0,500.0,0.11970027536153793,0.022883210331201553
cifar10,easy,mlp,step_100000,7.0,550.0,0.10799510776996613,0.022883210331201553
cifar10,easy,mlp,step_100000,7.0,600.0,0.09798311442136765,0.022883210331201553
cifar10,easy,mlp,step_100000,7.0,650.0,0.08709036558866501,0.022883210331201553
cifar10,easy,mlp,step_100000,7.0,700.0,0.08196999132633209,0.022883210331201553
cifar10,easy,mlp,step_100000,7.0,750.0,0.07667195796966553,0.022883210331201553
cifar10,easy,mlp,step_100000,7.0,800.0,0.06928547471761703,0.022883210331201553
cifar10,easy,mlp,step_100000,7.0,850.0,0.06326601654291153,0.022883210331201553
cifar10,easy,mlp,step_100000,7.0,900.0,0.058902204036712646,0.022883210331201553
cifar10,easy,mlp,step_100000,7.0,950.0,0.05457884073257446,0.022883210331201553
cifar10,easy,mlp,step_100000,7.0,1000.0,0.052883487194776535,0.022883210331201553
cifar10,easy,mlp,step_100000,7.0,1050.0,0.050733067095279694,0.022883210331201553
cifar10,easy,mlp,step_100000,7.0,1100.0,0.04470598325133324,0.022883210331201553
cifar10,easy,mlp,step_100000,7.0,1150.0,0.04578487202525139,0.022883210331201553
cifar10,easy,mlp,step_100000,7.0,1200.0,0.04183408245444298,0.022883210331201553
cifar10,easy,mlp,step_100000,7.0,1250.0,0.03952497988939285,0.022883210331201553
cifar10,easy,mlp,step_100000,7.0,1300.0,0.036915671080350876,0.022883210331201553
cifar10,easy,mlp,step_100000,7.0,1350.0,0.038210585713386536,0.022883210331201553
cifar10,easy,mlp,step_100000,7.0,1400.0,0.033399540930986404,0.022883210331201553
cifar10,easy,mlp,step_100000,7.0,1450.0,0.03843669220805168,0.022883210331201553
cifar10,easy,mlp,step_100000,7.0,1500.0,0.03068389929831028,0.022883210331201553
cifar10,easy,mlp,step_100000,7.0,1550.0,0.02978491596877575,0.022883210331201553
cifar10,easy,mlp,step_100000,7.0,1600.0,0.03008793108165264,0.022883210331201553
cifar10,easy,mlp,step_100000,7.0,1650.0,0.03167320415377617,0.022883210331201553
cifar10,easy,mlp,step_100000,7.0,1700.0,0.025848165154457092,0.022883210331201553
cifar10,easy,mlp,step_100000,7.0,1750.0,0.026187092065811157,0.022883210331201553
cifar10,easy,mlp,step_100000,7.0,1800.0,0.02509537898004055,0.022883210331201553
cifar10,easy,mlp,step_100000,7.0,1850.0,0.023208510130643845,0.022883210331201553
cifar10,easy,mlp,step_100000,7.0,1900.0,0.025422289967536926,0.022883210331201553
cifar10,easy,mlp,step_100000,7.0,1950.0,0.023265017196536064,0.022883210331201553
cifar10,easy,mlp,step_100000,7.0,2000.0,0.022883210331201553,0.022883210331201553
cifar10,easy,mlp,step_100000,8.0,0.0,0.5950159430503845,0.03023744560778141
cifar10,easy,mlp,step_100000,8.0,50.0,0.4144793450832367,0.03023744560778141
cifar10,easy,mlp,step_100000,8.0,100.0,0.34995362162590027,0.03023744560778141
cifar10,easy,mlp,step_100000,8.0,150.0,0.3046729564666748,0.03023744560778141
cifar10,easy,mlp,step_100000,8.0,200.0,0.26855751872062683,0.03023744560778141
cifar10,easy,mlp,step_100000,8.0,250.0,0.23911158740520477,0.03023744560778141
cifar10,easy,mlp,step_100000,8.0,300.0,0.2141162008047104,0.03023744560778141
cifar10,easy,mlp,step_100000,8.0,350.0,0.1896151304244995,0.03023744560778141
cifar10,easy,mlp,step_100000,8.0,400.0,0.1702878177165985,0.03023744560778141
cifar10,easy,mlp,step_100000,8.0,450.0,0.15445192158222198,0.03023744560778141
cifar10,easy,mlp,step_100000,8.0,500.0,0.141555517911911,0.03023744560778141
cifar10,easy,mlp,step_100000,8.0,550.0,0.12523706257343292,0.03023744560778141
cifar10,easy,mlp,step_100000,8.0,600.0,0.11591712385416031,0.03023744560778141
cifar10,easy,mlp,step_100000,8.0,650.0,0.10589635372161865,0.03023744560778141
cifar10,easy,mlp,step_100000,8.0,700.0,0.09974320232868195,0.03023744560778141
cifar10,easy,mlp,step_100000,8.0,750.0,0.09088184684515,0.03023744560778141
cifar10,easy,mlp,step_100000,8.0,800.0,0.08421555906534195,0.03023744560778141
cifar10,easy,mlp,step_100000,8.0,850.0,0.0813622698187828,0.03023744560778141
cifar10,easy,mlp,step_100000,8.0,900.0,0.07890986651182175,0.03023744560778141
cifar10,easy,mlp,step_100000,8.0,950.0,0.07038506120443344,0.03023744560778141
cifar10,easy,mlp,step_100000,8.0,1000.0,0.06683699786663055,0.03023744560778141
cifar10,easy,mlp,step_100000,8.0,1050.0,0.06164432317018509,0.03023744560778141
cifar10,easy,mlp,step_100000,8.0,1100.0,0.05955546721816063,0.03023744560778141
cifar10,easy,mlp,step_100000,8.0,1150.0,0.056020449846982956,0.03023744560778141
cifar10,easy,mlp,step_100000,8.0,1200.0,0.053988534957170486,0.03023744560778141
cifar10,easy,mlp,step_100000,8.0,1250.0,0.052136827260255814,0.03023744560778141
cifar10,easy,mlp,step_100000,8.0,1300.0,0.04929668828845024,0.03023744560778141
cifar10,easy,mlp,step_100000,8.0,1350.0,0.04662302881479263,0.03023744560778141
cifar10,easy,mlp,step_100000,8.0,1400.0,0.046807046979665756,0.03023744560778141
cifar10,easy,mlp,step_100000,8.0,1450.0,0.04137752577662468,0.03023744560778141
cifar10,easy,mlp,step_100000,8.0,1500.0,0.04032919555902481,0.03023744560778141
cifar10,easy,mlp,step_100000,8.0,1550.0,0.040585994720458984,0.03023744560778141
cifar10,easy,mlp,step_100000,8.0,1600.0,0.037716638296842575,0.03023744560778141
cifar10,easy,mlp,step_100000,8.0,1650.0,0.0360516682267189,0.03023744560778141
cifar10,easy,mlp,step_100000,8.0,1700.0,0.03792175278067589,0.03023744560778141
cifar10,easy,mlp,step_100000,8.0,1750.0,0.0348619781434536,0.03023744560778141
cifar10,easy,mlp,step_100000,8.0,1800.0,0.03589225187897682,0.03023744560778141
cifar10,easy,mlp,step_100000,8.0,1850.0,0.033148374408483505,0.03023744560778141
cifar10,easy,mlp,step_100000,8.0,1900.0,0.031008392572402954,0.03023744560778141
cifar10,easy,mlp,step_100000,8.0,1950.0,0.029158776625990868,0.03023744560778141
cifar10,easy,mlp,step_100000,8.0,2000.0,0.03023744560778141,0.03023744560778141
cifar10,easy,mlp,step_100000,9.0,0.0,0.5948073863983154,0.022669097408652306
cifar10,easy,mlp,step_100000,9.0,50.0,0.40689632296562195,0.022669097408652306
cifar10,easy,mlp,step_100000,9.0,100.0,0.33464714884757996,0.022669097408652306
cifar10,easy,mlp,step_100000,9.0,150.0,0.28530359268188477,0.022669097408652306
cifar10,easy,mlp,step_100000,9.0,200.0,0.24299173057079315,0.022669097408652306
cifar10,easy,mlp,step_100000,9.0,250.0,0.21181683242321014,0.022669097408652306
cifar10,easy,mlp,step_100000,9.0,300.0,0.1825609654188156,0.022669097408652306
cifar10,easy,mlp,step_100000,9.0,350.0,0.16371481120586395,0.022669097408652306
cifar10,easy,mlp,step_100000,9.0,400.0,0.14308983087539673,0.022669097408652306
cifar10,easy,mlp,step_100000,9.0,450.0,0.12917160987854004,0.022669097408652306
cifar10,easy,mlp,step_100000,9.0,500.0,0.11523385345935822,0.022669097408652306
cifar10,easy,mlp,step_100000,9.0,550.0,0.1048952266573906,0.022669097408652306
cifar10,easy,mlp,step_100000,9.0,600.0,0.09543824195861816,0.022669097408652306
cifar10,easy,mlp,step_100000,9.0,650.0,0.08788987994194031,0.022669097408652306
cifar10,easy,mlp,step_100000,9.0,700.0,0.08011718839406967,0.022669097408652306
cifar10,easy,mlp,step_100000,9.0,750.0,0.07544106245040894,0.022669097408652306
cifar10,easy,mlp,step_100000,9.0,800.0,0.07134059071540833,0.022669097408652306
cifar10,easy,mlp,step_100000,9.0,850.0,0.06463976204395294,0.022669097408652306
cifar10,easy,mlp,step_100000,9.0,900.0,0.060774948447942734,0.022669097408652306
cifar10,easy,mlp,step_100000,9.0,950.0,0.057705868035554886,0.022669097408652306
cifar10,easy,mlp,step_100000,9.0,1000.0,0.05314506217837334,0.022669097408652306
cifar10,easy,mlp,step_100000,9.0,1050.0,0.049366649240255356,0.022669097408652306
cifar10,easy,mlp,step_100000,9.0,1100.0,0.04807828739285469,0.022669097408652306
cifar10,easy,mlp,step_100000,9.0,1150.0,0.046204593032598495,0.022669097408652306
cifar10,easy,mlp,step_100000,9.0,1200.0,0.0445219986140728,0.022669097408652306
cifar10,easy,mlp,step_100000,9.0,1250.0,0.04142292961478233,0.022669097408652306
cifar10,easy,mlp,step_100000,9.0,1300.0,0.03948850557208061,0.022669097408652306
cifar10,easy,mlp,step_100000,9.0,1350.0,0.03693172335624695,0.022669097408652306
cifar10,easy,mlp,step_100000,9.0,1400.0,0.03416348621249199,0.022669097408652306
cifar10,easy,mlp,step_100000,9.0,1450.0,0.03459663316607475,0.022669097408652306
cifar10,easy,mlp,step_100000,9.0,1500.0,0.03531699627637863,0.022669097408652306
cifar10,easy,mlp,step_100000,9.0,1550.0,0.032767221331596375,0.022669097408652306
cifar10,easy,mlp,step_100000,9.0,1600.0,0.04515033960342407,0.022669097408652306
cifar10,easy,mlp,step_100000,9.0,1650.0,0.03036421909928322,0.022669097408652306
cifar10,easy,mlp,step_100000,9.0,1700.0,0.026910126209259033,0.022669097408652306
cifar10,easy,mlp,step_100000,9.0,1750.0,0.02642122469842434,0.022669097408652306
cifar10,easy,mlp,step_100000,9.0,1800.0,0.02520863711833954,0.022669097408652306
cifar10,easy,mlp,step_100000,9.0,1850.0,0.028726233169436455,0.022669097408652306
cifar10,easy,mlp,step_100000,9.0,1900.0,0.023824894800782204,0.022669097408652306
cifar10,easy,mlp,step_100000,9.0,1950.0,0.025010624900460243,0.022669097408652306
cifar10,easy,mlp,step_100000,9.0,2000.0,0.022669097408652306,0.022669097408652306
